PC_Time_s,SML_ADC_Raw,Fx,Fy,Fz,Tx,Ty,Tz
0.007647514343261719,8306663,0.2245277471749962,0.37730120749216206,0.2735418947218488,-0.14706596617130466,0.4263153646755264,-0.5174173065135852
0.09920549392700195,8310032,0.2256899795899426,0.37954551878136494,0.2830401394816095,-0.14919004574832154,0.4214660488786716,-0.5129687614514502
0.21207261085510254,8313086,0.23354506767124708,0.3779424392883361,0.2786316714367606,-0.1506328167820321,0.4263153646755264,-0.5120870678382881
0.316054105758667,8315271,0.2277339055643173,0.3792649798698171,0.2800343658122312,-0.1508332016478428,0.43421053179645347,-0.509401910021965
0.4309730529785156,8317574,0.2298179085228861,0.37653974473497365,0.2783511325619382,-0.15051258586254776,0.4338498388801286,-0.5122473757678864
0.5356307029724121,8320442,0.23610999440520408,0.38054744346639363,0.2825992926761119,-0.14622434973525134,0.42892036904455266,-0.5140107629954506
0.6403863430023193,8323386,0.24260246523078985,0.38483568113478184,0.2907749971059668,-0.15323782003791778,0.4292810619580364,-0.5114859131025613
0.7427911758422852,8326443,0.25206063268532336,0.37633935979901,0.29169676770839104,-0.14798773655372804,0.43320860702939973,-0.5077186767682366
0.8556520938873291,8329771,0.25386409682941297,0.3920094619673142,0.30027324205790445,-0.15303743517205323,0.43425060878716915,-0.5125679916271729
0.9717390537261963,8333575,0.2649654206386232,0.3806275974412587,0.30279809200014857,-0.14935035364094526,0.4360139963812141,-0.5059953665356642
1.0817337036132812,8337947,0.2668490387713373,0.3893243037697279,0.3060443276516172,-0.14935035364094526,0.4395808485754083,-0.5149325335931275
1.1901912689208984,8342567,0.2733014328305361,0.3880819171445939,0.3181876537228676,-0.15460043712592092,0.4416648521141391,-0.5128485305041474
1.2963008880615234,8347527,0.280715674509707,0.38720022341200516,0.3202716568956281,-0.14943050758725807,0.44374885565993816,-0.5101232957031389
1.4032022953033447,8353752,0.2815973681190018,0.3906067673851561,0.3248404331014302,-0.14766712076852775,0.4491993265056391,-0.5196616175447891
1.5133633613586426,8360609,0.2924181533979488,0.39204953895541866,0.336783374538765,-0.1453025793529844,0.4465542450597226,-0.5140508399779375
1.625854253768921,8368089,0.2979888540215873,0.3986622420253988,0.34027007224200223,-0.14850873720470048,0.4526860247928988,-0.5130489154163281
1.730337381362915,8376240,0.3021568602680497,0.4024294789551753,0.3439972318736963,-0.14786750563427672,0.4554513372419639,-0.5151729954883378
1.8351781368255615,8382885,0.3090901783981143,0.3958568528362254,0.35385617034454026,-0.14357926950808522,0.4586975736114933,-0.5148123026455478
1.9472858905792236,8389093,0.30600425066818693,0.3932518485996605,0.33726429835894417,-0.1483885062852429,0.45352764162387643,-0.5055545197325316
2.059777021408081,8394816,0.31458072516760355,0.40331117270779165,0.3454800803344894,-0.14846866023154778,0.4542490274799373,-0.5136500701531527
2.1636078357696533,8402548,0.30456147926601074,0.397940856232771,0.346562158942881,-0.1386898787867086,0.4582968036883748,-0.518900154872818
2.273402214050293,8411097,0.30712640620498255,0.3949751590934869,0.34724346769712283,-0.14233688334099392,0.45909834353488127,-0.5165356128958151
2.385251998901367,8419105,0.3096111791848483,0.4022290940115629,0.3427949223130567,-0.14862896812415957,0.4545295664241948,-0.5130489154163281
2.4943647384643555,8427201,0.30989171807015226,0.4010267843511628,0.34700300578378945,-0.14622434973525134,0.4582968036883748,-0.515373380401065
2.6048758029937744,8435282,0.3056836348008157,0.3988225499794221,0.3484457772649621,-0.14486173264844981,0.45056194422470286,-0.5147321486805042
2.7136459350585938,8443190,0.30985164108653146,0.3983416261174678,0.35301455364064993,-0.1538790516087156,0.456052492123881,-0.5139306090304823
2.8223679065704346,8450458,0.3081283307927194,0.4037119425957338,0.34792477645199166,-0.14971104639935834,0.45913842052723486,-0.5130088384338882
2.932807683944702,8457069,0.3137391085070633,0.39810116418662084,0.3563810204620417,-0.14361934648121943,0.4578559567732553,-0.5132493003285561
3.0364885330200195,8463027,0.30716648318846823,0.3957366218712382,0.34816523836562463,-0.14726635103704172,0.46659274115210164,-0.5111252202613275
3.138777732849121,8467980,0.31161502836773664,0.39417361932836675,0.34527969540718245,-0.14578350303067897,0.4681557438757106,-0.5111252202613275
3.247004508972168,8472212,0.3153822648451351,0.39890270395644833,0.3470430827693396,-0.14590373395010597,0.46198388699124493,-0.5136500701531527
3.363086223602295,8475975,0.3120959521723737,0.3916487690744811,0.3467224668849992,-0.14746673590278275,0.4598598063900613,-0.508039292625837
3.471491575241089,8479065,0.30712640620498255,0.39517554403491656,0.34539992636356015,-0.14662511946669682,0.4634667357173359,-0.5188200009073874
3.5762875080108643,8481383,0.31201579820491415,0.3999447056586672,0.34159261275435093,-0.147907582607427,0.4564933390376704,-0.5132092233461066
3.68440580368042,8482994,0.30844894666105716,0.3897250736492885,0.3429151532690335,-0.1445411168633449,0.4598598063900613,-0.5092416020928973
3.7932868003845215,8483766,0.3135387235880179,0.3924503088365943,0.3473636986538188,-0.14510219448728465,0.4594590364661609,-0.5083599084835563
3.9050960540771484,8484070,0.3055233268671775,0.3967786235685114,0.34624154305874866,-0.14650488854726154,0.4646289685052497,-0.5173371525482954
4.006574630737305,8484020,0.3078477919080281,0.3983416261174678,0.34960800984906765,-0.14858889115100637,0.46310604278362044,-0.5173371525482954
4.114930868148804,8484377,0.31401964739381133,0.39385300342258645,0.34720339071156187,-0.14726635103704172,0.46174342503601234,-0.5087206013236325
4.230815410614014,8484750,0.3102524109228295,0.40122716929441127,0.3418330746659376,-0.14935035364094526,0.45977965240525964,-0.5123676067151048
4.337703227996826,8485192,0.3124165680422921,0.4052749451610368,0.35056985750626596,-0.14971104639935834,0.46090180819346616,-0.511606144049673
4.442293882369995,8485501,0.30247747613403647,0.3971393164640996,0.34740377563938846,-0.1465449655204065,0.46711374205950906,-0.5116462210320472
4.552339315414429,8485757,0.31177533630258364,0.3929312326943196,0.3460812351167344,-0.14642473460097216,0.4603006533066635,-0.5096022949333416
4.665118455886841,8485871,0.3106531807593271,0.40507456021655974,0.34976831779184675,-0.14967096942620067,0.4609819621784192,-0.5140909169604264
4.770299911499023,8486077,0.30989171807015226,0.39637785368475276,0.35065001147775593,-0.15367866674283612,0.4571746479050746,-0.5134496852408309
4.883833169937134,8486363,0.31109402757970517,0.3936926954697537,0.34640185100079746,-0.14570334908439506,0.4604609612764181,-0.5099629877739369
4.988996267318726,8486522,0.31289749184741034,0.396858777545292,0.3412719968723554,-0.14674535038613346,0.4581765727114917,-0.5120870678382881
5.101366758346558,8486515,0.3094508712504328,0.39818131816356017,0.3528542456971616,-0.14566327211125332,0.4578559567732553,-0.5131290693812137
5.206340789794922,8486534,0.3082886387268724,0.39229000088409544,0.34471861761101047,-0.13696656894272213,0.46539043136753766,-0.5164153819480085
5.316330432891846,8486505,0.31309787676629497,0.40266994088759034,0.34179299768066784,-0.14943050758725807,0.4589781125578366,-0.5133695312759152
5.425337791442871,8486448,0.3132982616852298,0.3964179306731178,0.3563810204620417,-0.14590373395010597,0.4602204993218024,-0.5124878376623401
5.535457134246826,8486487,0.3105730267920116,0.39577669885956485,0.3488866241069934,-0.14638465762782768,0.4667931261164344,-0.5191806937518851
5.644288539886475,8486631,0.3064851744694808,0.39910308889905594,0.34624154305874866,-0.14734650498333768,0.4626651958649336,-0.5128485305041474
5.754384279251099,8486912,0.3108936426613215,0.40266994088759034,0.34435792474226606,-0.14774727471482688,0.4587777275961493,-0.5139306090304823
5.85931921005249,8486992,0.3068458673206382,0.394694620175586,0.34471861761101047,-0.14670527341298775,0.4666328181449627,-0.5161348430698594
5.9709742069244385,8487040,0.3087695625295221,0.39549615994132853,0.3462014660732418,-0.14726635103704172,0.46563089332425406,-0.5164554589306088
6.087663650512695,8487003,0.3109337196449942,0.3895647656974358,0.3432758461370802,-0.1470258891981577,0.4625850418797531,-0.5059152125714417
6.190359354019165,8486809,0.3122161831235781,0.3971393164640996,0.3526939377537085,-0.1469457352518643,0.4601002683445311,-0.5113656821554665
6.300312757492065,8486592,0.3115749513840299,0.39673854658012475,0.34014984128644965,-0.14806789050002972,0.4623846569168492,-0.5107645274202451
6.413228273391724,8486460,0.31458072516760355,0.39028615148107143,0.3440373088590843,-0.14706596617130466,0.4619438099986994,-0.5065965212675685
6.516375303268433,8486342,0.31281733787987054,0.3964179306731178,0.33994945636057144,-0.1470258891981577,0.4625449648871668,-0.5127683765392881
6.624299049377441,8486248,0.31201579820491415,0.3936926954697537,0.33926814761298457,-0.14698581222501092,0.4594590364661609,-0.5038312095042426
6.735707998275757,8486211,0.30744702207292346,0.39353238751695907,0.34560031129089946,-0.14706596617130466,0.46655266415924324,-0.5178581533228147
6.843749761581421,8486077,0.31053294980835683,0.39220984690786037,0.34640185100079746,-0.14935035364094526,0.4606212692462159,-0.5110049893142832
6.95476508140564,8486019,0.30576378876764665,0.3940533883636812,0.342273921504047,-0.1458636569769635,0.4625048878945834,-0.5186596929765491
7.063173532485962,8485986,0.3099317950537751,0.39016592051707877,0.343476231063848,-0.14574342605753693,0.4679152819179614,-0.5158142272092311
7.163651466369629,8485967,0.3130177227987351,0.3936125414933516,0.34379684694678847,-0.1418559596634452,0.4613827321033464,-0.5138103780830441
7.276576519012451,8485936,0.31261695296105624,0.3955763139179555,0.34343615407849015,-0.14686558130557148,0.45525095228145884,-0.5102435266500599
7.386767625808716,8485925,0.3194701172131449,0.3953358519881034,0.34079107304961903,-0.14906981482885556,0.46182357902107907,-0.5102836036323707
7.490358829498291,8485891,0.30788786889154945,0.39184915401492015,0.3410315349609486,-0.13925095641037813,0.4646289685052497,-0.5148123026455478
7.602269887924194,8485831,0.3083687926939608,0.392410231848466,0.3405906881235698,-0.14109449717403172,0.45448948943214995,-0.514772225663025
7.713296175003052,8485752,0.3147410331030453,0.39297130968247884,0.34423769378605673,-0.14878927601677397,0.4612224241333431,-0.5078389077148228
7.81930685043335,8485738,0.31217610613984126,0.39461446619906443,0.34475869459643727,-0.1426975760991682,0.4642281985781245,-0.5134096082583721
7.927287817001343,8485765,0.30616455860191993,0.3932117716114845,0.34111168893140903,-0.1511137404599851,0.4623846569168492,-0.5128084535217168
8.036446332931519,8485876,0.3136589545394391,0.39104761425352064,0.34527969540718245,-0.14297811491108908,0.4601403453369522,-0.5122473757678864
8.145228862762451,8485853,0.31109402757970517,0.392730847753559,0.3506099344920099,-0.1447815787021727,0.46054111526131164,-0.5115660670673006
8.25666856765747,8485975,0.31161502836773664,0.3937728494461653,0.34259453738647155,-0.14313842280361838,0.4567738779829781,-0.5128084535217168
8.360607385635376,8486063,0.3169452672186467,0.3968187005569005,0.3421536905481733,-0.14734650498333768,0.465230123396448,-0.5123275297326967
8.47843313217163,8486061,0.31458072516760355,0.3877212242538514,0.3398292254050701,-0.14810796747318078,0.4600601913521127,-0.503109823828293
8.584333896636963,8486089,0.32455989421083004,0.39553623692964085,0.3399895333457428,-0.14662511946669682,0.4646289685052497,-0.5110450662966294
8.696499586105347,8486017,0.3161036505556042,0.3891239188300364,0.34139222782808765,-0.14963089245304312,0.4647491994834403,-0.5038312095042426
8.801396369934082,8486165,0.31173525931886886,0.39417361932836675,0.3509706273638033,-0.1445411168633449,0.4567738779829781,-0.5111652972436793
8.911848545074463,8486183,0.3217545053103773,0.3962175457313165,0.3403101492271907,-0.14870912207046644,0.46547058535309893,-0.5105240655262743
9.019411087036133,8486313,0.3177468068985659,0.39645800766148526,0.3404704571679659,-0.1470258891981577,0.4629858118057642,-0.5122072987854839
9.13023853302002,8486463,0.3129776458149582,0.39485492812865786,0.33570129594447784,-0.1475468898490803,0.46286558082793233,-0.5117263749968014
9.237369537353516,8486536,0.3124165680422921,0.3933720795642028,0.3459610041602465,-0.1518351259769621,0.46310604278362044,-0.5121672218030834
9.34670376777649,8486592,0.3197506561019212,0.3960171607895753,0.3379055301196586,-0.14866904509731294,0.46278542684272467,-0.5105240655262743
9.45531678199768,8486632,0.30852910062816147,0.39309154064697094,0.3463216970297688,-0.14486173264844981,0.46322627376150116,-0.5109248353495963
9.561525106430054,8486489,0.3062447125687983,0.38880330292665305,0.3410315349609486,-0.14402011621256908,0.4738065999112861,-0.510564142508598
9.66941499710083,8486403,0.31281733787987054,0.39184915401492015,0.3439972318736963,-0.15484089896500314,0.46386750564394436,-0.5090812941638592
9.782482862472534,8486416,0.31033256489011307,0.3911277682296178,0.34616138908773725,-0.1540794364745998,0.4637472746659333,-0.5117664519791814
9.892806768417358,8486263,0.3138593394585147,0.38571737486431473,0.3404303801827689,-0.14750681287593143,0.4642281985781245,-0.5027491309905407
9.997275829315186,8486080,0.31265702994481503,0.3942136963166,0.34792477645199166,-0.14574342605753693,0.460020114359697,-0.5126882225744364
10.104305505752563,8486031,0.31349864660421484,0.39180907702682755,0.34259453738647155,-0.143178499776751,0.460781577216057,-0.5108046044025801
10.217186450958252,8485833,0.31005202600465553,0.3976603173136265,0.33834637695546543,-0.15135420229897106,0.4645488145198029,-0.5083999854657796
10.326477289199829,8485694,0.30708632922149887,0.38904376485417635,0.33898760871709854,-0.14558311816497027,0.46763474296737856,-0.5161749200524465
10.430384397506714,8485500,0.3137791854908784,0.3936125414933516,0.3458006962182929,-0.15135420229897106,0.46651258716638755,-0.5097626028624764
10.539459705352783,8485306,0.31261695296105624,0.39229000088409544,0.34355638503457026,-0.13949141824910077,0.46743435800275873,-0.5139306090304823
10.65155291557312,8485341,0.31041271885740457,0.39974432071580596,0.3409113040052742,-0.15015189310410407,0.46278542684272467,-0.5099629877739369
10.755239963531494,8485328,0.3119757212211874,0.39116784521766995,0.3408712270200537,-0.1469056582787178,0.47492875572629506,-0.5086404473591581
10.86634612083435,8485344,0.31534218786123935,0.3919293079911124,0.34343615407849015,-0.14265749912603717,0.46198388699124493,-0.5114458361201946
10.975240707397461,8485286,0.3119757212211874,0.3942537733048357,0.336783374538765,-0.1478274286611266,0.4666328181449627,-0.5114057591378296
11.084313154220581,8485234,0.31281733787987054,0.39233007787221663,0.34251438341585255,-0.1482682753657867,0.46895728373558665,-0.5121672218030834
11.193326234817505,8485204,0.31361887755563006,0.392730847753559,0.3441976168006579,-0.143178499776751,0.4625048878945834,-0.5126481455920134
11.30562710762024,8485222,0.31498149500626843,0.39229000088409544,0.3372242213739176,-0.14602396486953434,0.4664324331806845,-0.50972252588019
11.41062045097351,8485321,0.3148211870707783,0.39453431222255236,0.34451823268390863,-0.1398921879803149,0.4699592085619746,-0.5152130724708794
11.51834750175476,8485545,0.32275642991652553,0.39257053980099343,0.34111168893140903,-0.1469056582787178,0.4675946659744491,-0.5108446813849169
11.629676580429077,8485689,0.3155024957968345,0.38475552715942607,0.3409513809904969,-0.1469056582787178,0.4670335880737241,-0.5052739808579271
11.7383873462677,8485577,0.3121360291561065,0.39353238751695907,0.3349398332309042,-0.1497511233725162,0.4667530491235624,-0.5093217560574274
11.843425989151001,8485494,0.3144604942160434,0.3916487690744811,0.34928739396361413,-0.14674535038613346,0.46286558082793233,-0.5107244504379119
11.95772910118103,8485670,0.3156227267485521,0.3907670753372554,0.34387700091754514,-0.14542281027240603,0.4612224241333431,-0.5114458361201946
12.066195249557495,8485916,0.31826780769094887,0.38760099329031306,0.3418731516512096,-0.1495106615335716,0.46494958444714585,-0.5017472064420068
12.172699689865112,8486176,0.31289749184741034,0.39461446619906443,0.3477243915240239,-0.1539592055550687,0.4629056578205402,-0.5108446813849169
12.28370213508606,8486385,0.30864933157883284,0.3904063824450854,0.3401097643012697,-0.1467854273592793,0.4697588235965598,-0.515734073244093
12.39307713508606,8486651,0.32568204977383786,0.3944942352343,0.34163268973961003,-0.14750681287593143,0.4690374377216346,-0.5102836036323707
12.498302459716797,8486846,0.31662465134690615,0.39229000088409544,0.34924731697794226,-0.15043243191622574,0.46683320310930926,-0.510203449667751
12.606340408325195,8487015,0.3196304251495763,0.3923701548603401,0.3411918429018779,-0.1459838878963914,0.4687168217775087,-0.5103236806146833
12.718276500701904,8487096,0.3170654981705828,0.3871601464241874,0.3400296103309163,-0.14686558130557148,0.4659515092666953,-0.5035506706301915
12.82245922088623,8487146,0.30736686810592634,0.3895647656974358,0.3408712270200537,-0.14786750563427672,0.47412721585821005,-0.5092816790751613
12.92937970161438,8487204,0.31409980136147175,0.3978607022558605,0.34271476834241615,-0.15067289375519388,0.4675946659744491,-0.5099229107916411
13.042936563491821,8487225,0.314620802151461,0.3957366218712382,0.35081031942076213,-0.14806789050002972,0.4641881215854269,-0.5100030647562346
13.148390054702759,8487298,0.31233641407480045,0.3904063824450854,0.3408311500348353,-0.14518234843356412,0.4685164368125191,-0.5132493003285561
13.255540370941162,8487305,0.31510172595790725,0.3912079222057244,0.3463216970297688,-0.14590373395010597,0.4725241361253588,-0.5174573834962328
13.364554166793823,8487248,0.3278061299511169,0.39393315739901724,0.338707069821317,-0.15211566478913546,0.4679553589109127,-0.5062358284283761
13.468204259872437,8487253,0.31458072516760355,0.39689885453368584,0.33445890941219786,-0.1520755878159673,0.4625048878945834,-0.5083999854657796
13.579386711120605,8487201,0.3187487314996074,0.39385300342258645,0.3386669928362138,-0.1501919700772638,0.4687969757635237,-0.5085202164124604
13.697068929672241,8487285,0.32319727674363735,0.38635860666832594,0.34259453738647155,-0.14894958390939103,0.4658312782882593,-0.4998235113120175
13.801239490509033,8487455,0.3185884235633553,0.389805227625229,0.34191322863648366,-0.14774727471482688,0.47003936254815976,-0.5069572141069106
13.908385038375854,8487571,0.3197907330860402,0.3932117716114845,0.346882774827152,-0.1428578839916936,0.471361903321803,-0.5115660670673006
14.017330408096313,8487626,0.3191895783244686,0.3915686150983221,0.3492072399922726,-0.15576266934821634,0.4673141270240196,-0.5088007552881143
14.129631757736206,8487723,0.31794719181867254,0.389805227625229,0.34936754793496444,-0.14662511946669682,0.46342665872468985,-0.5090812941638592
14.232848405838013,8487802,0.31838803864308607,0.39385300342258645,0.3489667780783001,-0.14634458065468336,0.4631861967688715,-0.5097626028624764
14.340829372406006,8487837,0.3161036505556042,0.39104761425352064,0.3470430827693396,-0.14726635103704172,0.46727405003111205,-0.5090412171816043
14.455772399902344,8487918,0.3175864989625171,0.39465454318732407,0.3438369239321657,-0.15015189310410407,0.47096113339007956,-0.508039292625837
14.563482522964478,8487791,0.3144204172321941,0.3916086920864004,0.34491900253816615,-0.14738658195648588,0.47424744683835224,-0.5169363827219604
14.669384002685547,8487831,0.3152219569095642,0.3912079222057244,0.34379684694678847,-0.14245711426038415,0.4708809794037679,-0.5121271448206848
14.782654762268066,8487837,0.31734603705850484,0.3983817031059508,0.34668238989946637,-0.14967096942620067,0.4691977456937633,-0.5099629877739369
14.891695737838745,8487858,0.3167849592827602,0.38916399581796995,0.34519954143627485,-0.1543599752868456,0.4678351279320669,-0.5104038345793139
15.000235080718994,8487895,0.3164643434110845,0.3953759289764061,0.34379684694678847,-0.15191527992329648,0.4673942810098429,-0.5077186767682366
15.112467765808105,8487874,0.30884971649665827,0.38856284099921495,0.3413120738575974,-0.1483083523389386,0.47785437625422134,-0.5080793696080455
15.212133169174194,8487887,0.3195101941972497,0.396257622719672,0.33786545313459804,-0.15067289375519388,0.4666728951378265,-0.5089610632171002
15.324357509613037,8487879,0.3195101941972497,0.3873605313633,0.3409113040052742,-0.14854881417785334,0.47027982450678124,-0.5049132880192825
15.435687780380249,8487777,0.3208327346738525,0.38643876064386967,0.3410315349609486,-0.1489095069362365,0.4673141270240196,-0.5001040501848798
15.545730829238892,8487849,0.3207125037213421,0.3936125414933516,0.34014984128644965,-0.1497511233725162,0.47144205730818073,-0.5077988307326256
15.649270057678223,8487849,0.31245664502604087,0.38996553557713853,0.3436766159906697,-0.14822819839263499,0.4724840591320942,-0.5071575990177211
15.75827956199646,8487802,0.3266038204160928,0.39569654488291395,0.34135215084284143,-0.15043243191622574,0.4676748199603108,-0.5089610632171002
15.866456985473633,8487759,0.31742619102650077,0.39148846112217267,0.34483884856729735,-0.14979120034567422,0.47585052657596294,-0.5136500701531527
15.978498220443726,8487673,0.3170654981705828,0.3830322166915453,0.3430353842250297,-0.14862896812415957,0.47096113339007956,-0.5025086690987883
16.087756872177124,8487534,0.31894911641996826,0.392410231848466,0.3366230665987732,-0.14862896812415957,0.46939813065898606,-0.5081194465902558
16.192304611206055,8487426,0.32187473626304736,0.3842345263198425,0.34163268973961003,-0.14822819839263499,0.47031990149989444,-0.5017472064420068
16.302382707595825,8487339,0.3181876537228676,0.38880330292665305,0.3446785406255857,-0.14850873720470048,0.47420736984496875,-0.5124076836975147
16.41476607322693,8487308,0.31782696086660245,0.3890838418421052,0.3462816200442576,-0.15492105291136538,0.46991913156888615,-0.5098026798447648
16.521673917770386,8487230,0.3211533505473035,0.38928422678178487,0.35004885669179414,-0.14538273329926535,0.46631220220215036,-0.5079591386614257
16.63068723678589,8487122,0.32536143389852745,0.38744068533896153,0.3455201573199573,-0.14967096942620067,0.47160236528096916,-0.5019475913516221
16.733190536499023,8487110,0.31983081007016134,0.39032622846907367,0.34507931047992957,-0.14850873720470048,0.4773734523308054,-0.5126882225744364
16.84006953239441,8487139,0.32792636090472216,0.3885227640113168,0.34199338260703827,-0.1518351259769621,0.4699992855550658,-0.4998235113120175
16.955822944641113,8487275,0.3230369688064769,0.3956564678945921,0.33782537614953956,-0.15055266283570903,0.47276459808500476,-0.5081194465902558
17.065462112426758,8487422,0.32676412835398816,0.3990630119105296,0.35189239803696953,-0.15211566478913546,0.47432760082512754,-0.5081996005546818
17.17280125617981,8487562,0.32796643788926133,0.39233007787221663,0.33906776268734107,-0.150312200996744,0.4701996705205631,-0.5073179069464028
17.278412342071533,8487781,0.3207125037213421,0.3895246887094786,0.3459610041602465,-0.14959081547988579,0.47689252840779,-0.5123275297326967
17.387314081192017,8487935,0.31906934737220927,0.3905666903971372,0.33894753173198056,-0.15075304770151798,0.46939813065898606,-0.5067568291961465
17.49962019920349,8488112,0.32215527515268266,0.3908071523252862,0.34427777077145766,-0.14498196356786658,0.4658713552810686,-0.5095622179510625
17.604318380355835,8488196,0.3186685775314773,0.3884025330476368,0.3455201573199573,-0.14041318863091165,0.4748486017394367,-0.5113656821554665
17.718198537826538,8488283,0.31930980927674624,0.3895647656974358,0.34792477645199166,-0.1453025793529844,0.46519004640368233,-0.509401910021965
17.827523231506348,8488445,0.3216342743577256,0.3899254585891576,0.34768431453843684,-0.14646481157411678,0.466913357095067,-0.5090412171816043
17.935684204101562,8488498,0.31714565213855045,0.3878013782295554,0.34568046526185037,-0.14906981482885556,0.4776940682797048,-0.5128485305041474
18.043521404266357,8488590,0.3273252061368831,0.38760099329031306,0.3412719968723554,-0.1493904306141016,0.47340582997787994,-0.5005849739671365
18.148747205734253,8488671,0.3156227267485521,0.3872403003998253,0.3449590795236038,-0.14894958390939103,0.4788162241022564,-0.5090011401993513
18.264683723449707,8488791,0.32363812357099797,0.38407421836928113,0.34415753981526126,-0.14910989180201073,0.4720031352131333,-0.5015067445505285
18.374638080596924,8488892,0.3209930426105616,0.3916487690744811,0.3469228518126957,-0.14919004574832154,0.473285598997912,-0.5131691463636593
18.477450370788574,8489065,0.32191481324727483,0.39036630545707834,0.3464419279863152,-0.1388902636523022,0.47585052657596294,-0.5108847583672558
18.583396911621094,8489259,0.3213136584840781,0.3892040728059059,0.34483884856729735,-0.13897041759854048,0.4745680627855197,-0.5116862980144233
18.68837547302246,8489395,0.32608281961816193,0.3908873063013548,0.34876639315004965,-0.14594381092324862,0.4678351279320669,-0.5083599084835563
18.798030376434326,8489429,0.32476027913267697,0.3875208393146326,0.34451823268390863,-0.14943050758725807,0.47773414527332975,-0.5038312095042426
18.91464400291443,8489383,0.3299702871188771,0.3913281531699023,0.34259453738647155,-0.1493102766677891,0.47296498305145235,-0.5077186767682366
19.023955821990967,8489414,0.3258423577115427,0.3948950051169319,0.35157178215051943,-0.15840774957889442,0.4721634431860761,-0.5088007552881143
19.128308296203613,8489418,0.31894911641996826,0.38936438075767327,0.3448789255527307,-0.14265749912603717,0.4748486017394367,-0.5090412171816043
19.236127614974976,8489350,0.3256018958049978,0.40002485963582857,0.34780454549520445,-0.1540794364745998,0.47340582997787994,-0.507919061679223
19.34822916984558,8489317,0.3263232815248558,0.3853166049871134,0.3457606192328099,-0.14806789050002972,0.4809403047723616,-0.5042720563065045
19.45150876045227,8489248,0.3223957370581644,0.3924503088365943,0.3386269158511129,-0.1503522779699044,0.4738466769046419,-0.5071175220355554
19.560317516326904,8489360,0.3207926576896803,0.3886429949750182,0.35052978052052425,-0.14606404184267746,0.4715222112945694,-0.5072377529820582
19.66933035850525,8489446,0.31782696086660245,0.38331275560462624,0.34379684694678847,-0.14794765958057743,0.4799383799269945,-0.514371455837901
19.779621124267578,8489488,0.3236782005553159,0.3896849966613218,0.35293439966890133,-0.15359851279648568,0.47208328919959924,-0.5073980609107547
19.886306762695312,8489587,0.33249513715562956,0.3847154501717518,0.345720542247329,-0.1495106615335716,0.4756902186020022,-0.4998235113120175
19.995325803756714,8489657,0.32868782361132304,0.3843547572827882,0.34856600822185363,-0.14850873720470048,0.4762913735045837,-0.503109823828293
20.107649087905884,8489758,0.32548166485175334,0.3876811472660029,0.3455602343054273,-0.14217657544847553,0.4782551461907075,-0.5086003703769236
20.216290712356567,8489830,0.33317644589713186,0.3928911557061627,0.34319569216638807,-0.1489896608825457,0.47420736984496875,-0.5079591386614257
20.326919317245483,8489900,0.32147396642088544,0.3895246887094786,0.34568046526185037,-0.14870912207046644,0.4780948382160796,-0.5164955359132111
20.431408166885376,8490022,0.32343773864943953,0.38944453473357116,0.3503694725775793,-0.1562836699996438,0.4757703725889771,-0.5072778299642295
20.541653156280518,8490127,0.32476027913267697,0.3888834569024847,0.3506900884635042,-0.15772644103454359,0.4753696026542141,-0.5077587537504301
20.65191411972046,8490172,0.32267627594798637,0.39012584352908597,0.3436766159906697,-0.14947058456041476,0.47520929468038653,-0.5057549046430188
20.7553391456604,8490175,0.31930980927674624,0.38828230208397796,0.3438369239321657,-0.15151451019163192,0.4819823066133992,-0.5077587537504301
20.865219116210938,8490124,0.3211533505473035,0.39313161763513976,0.33602191182410573,-0.1506328167820321,0.47464821677233937,-0.5065564442854287
20.973353385925293,8490065,0.3221953521369245,0.38916399581796995,0.3438369239321657,-0.15055266283570903,0.4794574560018387,-0.5106042194909237
21.084403038024902,8489961,0.32331750769652917,0.3961774687429635,0.34624154305874866,-0.15259658846716748,0.4735661379512092,-0.5067167522139993
21.196693181991577,8489822,0.3251209719921315,0.38227075392804577,0.3407109190791929,-0.14943050758725807,0.4729249060581573,-0.5009857437858841
21.296521186828613,8489713,0.32147396642088544,0.3878013782295554,0.34423769378605673,-0.13897041759854048,0.4788162241022564,-0.5102435266500599
21.409276008605957,8489576,0.3260026656492806,0.3838337564435093,0.34471861761101047,-0.1495106615335716,0.4767722974270987,-0.5007853588764877
21.519474744796753,8489390,0.3193498862608428,0.3882422250960964,0.3450392334944855,-0.1482682753657867,0.47997845692077556,-0.5141710709254097
21.627724409103394,8489152,0.3228766608693495,0.3899254585891576,0.34660223592840733,-0.1432185767498838,0.4690374377216346,-0.5084400624480047
21.736265897750854,8489015,0.32015142594320356,0.3878414552174109,0.34379684694678847,-0.14902973785570053,0.4809002277785134,-0.5125679916271729
21.846980810165405,8488848,0.32255604499519325,0.38732045437547274,0.3463216970297688,-0.15179504900379523,0.4751291406934894,-0.5075583688394808
21.957573175430298,8488622,0.325401510882934,0.3928510787180082,0.34135215084284143,-0.15107366348682139,0.4774936833116218,-0.5059953665356642
22.064255475997925,8488341,0.3262832045404016,0.3866391455827703,0.3427949223130567,-0.15095343256733132,0.4705603634586314,-0.501546821532437
22.17572283744812,8488172,0.3238385084926079,0.3914483841341015,0.35133132023577385,-0.1500316621846259,0.47160236528096916,-0.5072377529820582
22.280598878860474,8487951,0.32656374343162414,0.38575745185204785,0.34275484532773537,-0.15075304770151798,0.47236382815231676,-0.5014666675686218
22.388386487960815,8487624,0.3209930426105616,0.3924503088365943,0.3451594644508243,-0.14041318863091165,0.47416729285158804,-0.5106442964732513
22.497336626052856,8487336,0.32792636090472216,0.3933320025760196,0.33626237373391554,-0.1498312773188324,0.476411604485175,-0.5083198315013349
22.60632014274597,8487135,0.3299302101342337,0.3841543723445571,0.33926814761298457,-0.15071297072835588,0.476411604485175,-0.5057949816251217
22.721753358840942,8486964,0.327124821214374,0.3839139104187573,0.3430754612103661,-0.1500316621846259,0.4735661379512092,-0.5001040501848798
22.833626985549927,8486827,0.3223957370581644,0.3862784526927916,0.34588085018926534,-0.15367866674283612,0.47589060356946006,-0.5079591386614257
22.93832516670227,8486698,0.3207926576896803,0.386719299558347,0.34560031129089946,-0.15556228448229162,0.4722035201793187,-0.5079591386614257
23.05048894882202,8486643,0.3224358140424185,0.38868307196292334,0.34379684694678847,-0.14774727471482688,0.47007943954125647,-0.507919061679223
23.159765481948853,8486558,0.33093213475094574,0.38170967610284867,0.34199338260703827,-0.15071297072835588,0.47388675389800045,-0.49858112487612527
23.26760458946228,8486564,0.3217945822945986,0.38844261003552777,0.3470831597548919,-0.14818812141948343,0.4692778996798441,-0.5060354435177783
23.373384952545166,8486614,0.3258423577115427,0.38776130124170216,0.3430353842250297,-0.1470258891981577,0.4701996705205631,-0.5059953665356642
23.482454538345337,8486586,0.32524120294532016,0.3928510787180082,0.33834637695546543,-0.1493102766677891,0.4757302955954883,-0.5077587537504301
23.59379005432129,8486605,0.31714565213855045,0.38744068533896153,0.3437567699614134,-0.14955073850672862,0.4708008254174673,-0.5059953665356642
23.703858375549316,8486605,0.3262832045404016,0.3893243037697279,0.35361570842904405,-0.14806789050002972,0.47160236528096916,-0.5065965212675685
23.809332370758057,8486586,0.3230369688064769,0.39233007787221663,0.343476231063848,-0.152636665440338,0.47593068056295995,-0.5061556744641313
23.912917137145996,8486606,0.3347394483064063,0.38880330292665305,0.3395887634941251,-0.15211566478913546,0.47689252840779,-0.5053942118041751
24.02171540260315,8486666,0.3155024957968345,0.3872403003998253,0.34371669297604046,-0.15095343256733132,0.4849079271772236,-0.5043121332885393
24.136414766311646,8486709,0.3274454370904135,0.3874006083511296,0.35453747910554323,-0.1495106615335716,0.4718027502470168,-0.5059152125714417
24.240383863449097,8486778,0.32423927833598215,0.3864788376316451,0.3437567699614134,-0.1445010398902074,0.47120159534908057,-0.5077186767682366
24.353126525878906,8486828,0.3241190473829482,0.3937327724579583,0.3347795252913016,-0.15119389440631303,0.47717306736283366,-0.5072778299642295
24.46168279647827,8486868,0.3273252061368831,0.3879216091931292,0.34984847176324935,-0.1591692120697113,0.47472837075917,-0.5048331340551595
24.565327167510986,8486804,0.3224758910266747,0.3954560829530187,0.34455830966932466,-0.15271681938667955,0.4756100646150386,-0.5068369831604467
24.67232608795166,8486737,0.3149414180223929,0.3855971439011297,0.34159261275435093,-0.14947058456041476,0.4831846164323363,-0.5050735959475506
24.7804057598114,8486765,0.32580228072711337,0.38760099329031306,0.3443980017276735,-0.14638465762782768,0.4689973607286092,-0.5068369831604467
24.885605573654175,8486822,0.3222755061054143,0.38631852968055763,0.3426346143717843,-0.14281780701856206,0.47729329834360834,-0.5101232957031389
24.99614119529724,8486903,0.32339766166513406,0.39104761425352064,0.33457914036684594,-0.1516347411111294,0.4765318354657912,-0.5052739808579271
25.110849142074585,8486925,0.322996891822192,0.3883223790718619,0.3446384636401632,-0.1507931246746803,0.4788963780896651,-0.5122874527502906
25.21628761291504,8486884,0.32147396642088544,0.3937327724579583,0.3407509960644049,-0.15391912858189205,0.4756501416085191,-0.5073179069464028
25.321006059646606,8486899,0.32904851647260686,0.38215052296546503,0.3430353842250297,-0.15143435624530113,0.47340582997787994,-0.5012662826591159
25.433372735977173,8487026,0.32920882441100935,0.3785435940977874,0.34099145797572167,-0.15055266283570903,0.4776940682797048,-0.4973788154236929
25.54715657234192,8487042,0.3315332895216006,0.3815493681528763,0.3399895333457428,-0.15007173915778513,0.47396690788472595,-0.496296736917893
25.654725551605225,8486879,0.3256419727894168,0.38764107027815675,0.3486862391787647,-0.15600313118733253,0.47585052657596294,-0.5063961363568875
25.760319232940674,8486826,0.32267627594798637,0.39028615148107143,0.34451823268390863,-0.15375882068918736,0.4744478318053112,-0.5065163673032905
25.86956286430359,8486889,0.3186685775314773,0.3951354670466259,0.34175292069540014,-0.15700505551706076,0.4718027502470168,-0.5056747506788184
25.97941780090332,8486905,0.3245999711951953,0.3950553130700516,0.3446384636401632,-0.155963054214146,0.47532952566075304,-0.5055945967146254
26.08845567703247,8486710,0.3220751211842052,0.38623837570502795,0.34379684694678847,-0.14041318863091165,0.47985822593944055,-0.5096423719156224
26.19751477241516,8486582,0.323878585476936,0.38896361087832576,0.34568046526185037,-0.1563237469728319,0.47472837075917,-0.5076385228038549
26.306294918060303,8486648,0.31754642197851,0.39265069377727146,0.33810591504499343,-0.1531977430647445,0.4733256759912318,-0.5068770601425995
26.412087440490723,8486718,0.326363358509312,0.3904063824450854,0.3363425277038691,-0.15343820490378698,0.47396690788472595,-0.5057148276609176
26.529547929763794,8486699,0.32255604499519325,0.39593700681289556,0.3446785406255857,-0.15792682590052287,0.4721634431860761,-0.5046728261269355
26.637781620025635,8486761,0.32251596801093296,0.39381292643437465,0.3344989863970784,-0.15275689635985065,0.47544975664114447,-0.5068369831604467
26.738367080688477,8486878,0.3205922727688501,0.38760099329031306,0.34123191988711554,-0.14582358000382117,0.46591143227388054,-0.5093217560574274
26.854970455169678,8486869,0.33285583001870217,0.39000561256512184,0.3414723817985865,-0.15087327862100547,0.47581044958246865,-0.5050335189654808
26.961464166641235,8486860,0.31622388150741276,0.38623837570502795,0.3416727667248713,-0.1509133555941683,0.4805796118278281,-0.5034705166661936
27.063536167144775,8486959,0.3240789703986077,0.38579752883978324,0.3482854693224705,-0.15151451019163192,0.476131065530501,-0.5057949816251217
27.17467999458313,8487006,0.3299302101342337,0.38707999244855884,0.33734445232900373,-0.1517549720306285,0.4740871388648349,-0.4975391233505898
27.292031049728394,8486971,0.31273718391233885,0.38199021501539004,0.33878722379152965,-0.1498312773188324,0.4850682351537568,-0.5054743657683497
27.396323919296265,8486831,0.3276057450284831,0.38267152380346675,0.3414723817985865,-0.1518351259769621,0.47801468422878235,-0.5000639732030367
27.505335092544556,8486869,0.323117122775053,0.3875609163024716,0.34507931047992957,-0.15856805747169164,0.4748085247460117,-0.5053140578400079
27.616340398788452,8487042,0.3135387235880179,0.38407421836928113,0.33626237373391554,-0.14979120034567422,0.48498808116548464,-0.5038712864862572
27.721598863601685,8487139,0.32588243469597405,0.38928422678178487,0.33550091101977925,-0.1509133555941683,0.4768123744206597,-0.5051537499116956
27.840732097625732,8487009,0.32267627594798637,0.38623837570502795,0.3478846994663938,-0.1483885062852429,0.47276459808500476,-0.5067167522139993
27.949567794799805,8486953,0.32375835452395774,0.3839139104187573,0.33830629997038136,-0.14943050758725807,0.4740871388648349,-0.5029094389184123
28.058595180511475,8487091,0.31822773070690724,0.3864788376316451,0.34423769378605673,-0.15027212402358375,0.48530869711864116,-0.5087206013236325
28.16259527206421,8487159,0.3264435124782306,0.3864788376316451,0.34976831779184675,-0.14959081547988579,0.4750089097131645,-0.5049132880192825
28.272463083267212,8487146,0.31289749184741034,0.38695976148513367,0.3398292254050701,-0.1518351259769621,0.48242315354671617,-0.504552595180787
28.379823923110962,8487147,0.3344989863970784,0.388121994132466,0.3380658380599222,-0.15195535689646392,0.477413529324408,-0.5061556744641313
28.498074054718018,8487220,0.32492058707019167,0.3900456895531075,0.3421536905481733,-0.15560236145547618,0.47605091154347623,-0.5054342887862615
28.60337519645691,8487272,0.3228766608693495,0.3839139104187573,0.34199338260703827,-0.147907582607427,0.47144205730818073,-0.5051537499116956
28.713314056396484,8487215,0.3217545053103773,0.38199021501539004,0.33762499122427914,-0.15271681938667955,0.4753696026542141,-0.5029895928823591
28.824753761291504,8487162,0.3180273457867294,0.3861181447417512,0.33950860952382717,-0.15303743517205323,0.4800185339145595,-0.5086003703769236
28.931856632232666,8487091,0.3224758910266747,0.381509291165389,0.336382604688849,-0.1506328167820321,0.4732054450112804,-0.5009857437858841
29.036726474761963,8486984,0.32087281165802667,0.38679945353393314,0.34604115813123626,-0.14959081547988579,0.47236382815231676,-0.506997291089069
29.14320993423462,8486875,0.31245664502604087,0.3827116007910216,0.33834637695546543,-0.1493904306141016,0.4790967630582358,-0.5079992156436305
29.253301858901978,8486770,0.3229568148379091,0.38130890622798763,0.3367032205687649,-0.15247635754765704,0.47556998762156094,-0.49681773767978077
29.363975048065186,8486724,0.31341849263661475,0.3883624560597482,0.32692443629191664,-0.15327789701109124,0.4732054450112804,-0.5051537499116956
29.480579614639282,8486590,0.32231558308966224,0.38427460330748875,0.33990937937540217,-0.1516748180842956,0.4727245210917236,-0.5009055898221201
29.587629079818726,8486367,0.3197907330860402,0.38543683595024913,0.3368635285087737,-0.14518234843356412,0.48013876489592805,-0.5096022949333416
29.692370891571045,8486220,0.3181074997547944,0.3845150652334152,0.3370238364488164,-0.14253726820664495,0.4776539912860826,-0.5095622179510625
29.802709341049194,8486340,0.32596258866484296,0.39261061678913123,0.3386669928362138,-0.1544401292332033,0.4753696026542141,-0.50487321103722
29.907310247421265,8486352,0.3167849592827602,0.3848757581224632,0.33826622298529957,-0.14129488203966228,0.47709291337566445,-0.510203449667751
30.0153329372406,8486323,0.3294092093340594,0.3880819171445939,0.33409821654836747,-0.15243628057448724,0.47424744683835224,-0.5068770601425995
30.12073564529419,8486294,0.31265702994481503,0.3827917547661385,0.3379055301196586,-0.15107366348682139,0.4852686201244868,-0.5020678222974134
30.23898482322693,8486222,0.3194300402290422,0.39229000088409544,0.34123191988711554,-0.15391912858189205,0.473285598997912,-0.5052339038758481
30.344545125961304,8486201,0.32007127197493074,0.38255129284081596,0.33518029514037134,-0.1509133555941683,0.4727245210917236,-0.5026689770266161
30.44889807701111,8486249,0.322996891822192,0.3851963740239988,0.3405506111383663,-0.14506211751414516,0.47985822593944055,-0.5077186767682366
30.564162492752075,8486242,0.3224758910266747,0.37886420999637455,0.33590168086922945,-0.1538790516087156,0.47416729285158804,-0.4972986614602552
30.676612377166748,8486279,0.3216342743577256,0.38944453473357116,0.3335371387605262,-0.15339812793061275,0.4740871388648349,-0.503630824594197
30.784339427947998,8486312,0.3180273457867294,0.38607806775399695,0.3471232367404464,-0.14858889115100637,0.47376652291793303,-0.5064762903211544
30.892871856689453,8486330,0.32472020214830344,0.3794252878192591,0.33574137292942396,-0.15071297072835588,0.4771329903692476,-0.49653719880795716
30.998023986816406,8486398,0.32039188784807104,0.3835932945178218,0.34135215084284143,-0.1418559596634452,0.4788162241022564,-0.5081595235724679
31.11460566520691,8486559,0.32604274263372024,0.37770197736470146,0.33726429835894417,-0.1521958187354723,0.47693260540135934,-0.4946936576524522
31.221543788909912,8486703,0.32123350451568666,0.3813489832154633,0.33618221976397045,-0.1521958187354723,0.47697268239493146,-0.5011861286953263
31.33065366744995,8486878,0.323878585476936,0.38174975309034753,0.3386269158511129,-0.1531175891183985,0.47432760082512754,-0.5009857437858841
31.431944370269775,8487040,0.32319727674363735,0.3862784526927916,0.34668238989946637,-0.15067289375519388,0.4722035201793187,-0.5053942118041751
31.542490005493164,8487132,0.3100921029882864,0.3826314468159141,0.33550091101977925,-0.14866904509731294,0.48454723423018875,-0.5059152125714417
31.651297330856323,8487205,0.31999111800666613,0.3871200694363719,0.34483884856729735,-0.16189444624801239,0.47376652291793303,-0.5051136729296222
31.759374618530273,8487156,0.3208327346738525,0.3862784526927916,0.34680262085607133,-0.14979120034567422,0.4726443671051693,-0.5056747506788184
31.86640453338623,8487157,0.3197105791178042,0.38527652799940626,0.33826622298529957,-0.1539592055550687,0.4791368400519583,-0.5111252202613275
31.97435235977173,8487188,0.31594334261988777,0.3839139104187573,0.33742460629907184,-0.1507931246746803,0.4796578409706047,-0.5133294542934603
32.08438563346863,8487240,0.31698534420262336,0.3843547572827882,0.3370238364488164,-0.14253726820664495,0.47597075755646256,-0.5090011401993513
32.19474935531616,8487284,0.31762657594652627,0.3850360660732123,0.33602191182410573,-0.147907582607427,0.4679553589109127,-0.5067167522139993
32.30285382270813,8487296,0.32263619896372,0.39717939345251035,0.33990937937540217,-0.15656420881196487,0.4756501416085191,-0.5067167522139993
32.40404963493347,8487225,0.3222755061054143,0.3793852108318951,0.336382604688849,-0.15191527992329648,0.47793453024149624,-0.5005849739671365
32.51850080490112,8487230,0.31486126405464776,0.3831925246418632,0.33726429835894417,-0.15027212402358375,0.4803391498649316,-0.5126481455920134
32.629666328430176,8487201,0.32211519816844286,0.38796168618099186,0.33566121895953394,-0.1518752029501292,0.4771329903692476,-0.5049533650013468
32.74162983894348,8487206,0.3183479616590383,0.38976515063725753,0.32912867044180394,-0.15460043712592092,0.4750089097131645,-0.5049533650013468
32.84995412826538,8487288,0.3241190473829482,0.3860379907662451,0.34447815569849477,-0.15752605616856946,0.47556998762156094,-0.5034705166661936
32.955326557159424,8487373,0.32756566804396264,0.38607806775399695,0.3380257610748531,-0.15243628057448724,0.4731653680179689,-0.49910212563935163
33.06336188316345,8487459,0.32003119499079746,0.3867593765461389,0.3408712270200537,-0.15291720425253674,0.4841063872952336,-0.5130088384338882
33.17485690116882,8487515,0.31594334261988777,0.3831925246418632,0.33734445232900373,-0.15191527992329648,0.4858697750370995,-0.5035506706301915
33.28172945976257,8487590,0.3174662680105019,0.38371352548065507,0.3380257610748531,-0.15071297072835588,0.4824632305406709,-0.5032300547742433
33.386380434036255,8487674,0.3181074997547944,0.38848268702342115,0.32880805456506557,-0.15247635754765704,0.4744077548119139,-0.506997291089069
33.494455337524414,8487839,0.3213136584840781,0.38880330292665305,0.33297606097309757,-0.1527969733330219,0.47520929468038653,-0.5051136729296222
33.606990575790405,8487976,0.3286477466267464,0.3835932945178218,0.3328959070034986,-0.15127404835264172,0.4756501416085191,-0.5052339038758481
33.71039891242981,8487998,0.31955027118135654,0.38166959911535203,0.34139222782808765,-0.1493102766677891,0.4757703725889771,-0.5050335189654808
33.82069993019104,8488092,0.32039188784807104,0.39541600596471116,0.33630245071889125,-0.1559229772409597,0.47540967964767794,-0.5052339038758481
33.92741775512695,8488159,0.31886896245181784,0.3916086920864004,0.33826622298529957,-0.15588290026777354,0.47368636893123517,-0.5061155974820118
34.031842947006226,8488197,0.3172258061065261,0.38547691293796577,0.34455830966932466,-0.1499114312651493,0.4718428272402346,-0.5059953665356642
34.14616298675537,8488185,0.32035181086392134,0.3831123706666996,0.33630245071889125,-0.14518234843356412,0.4731653680179689,-0.5075583688394808
34.24948191642761,8488201,0.3322947522317739,0.38720022341200516,0.33217452127748565,-0.1516347411111294,0.4767322204335406,-0.5069171371247542
34.36053466796875,8488234,0.3070061752545374,0.3813489832154633,0.332935983988297,-0.15223589570864102,0.4857896210487145,-0.5039514404502919
34.47853422164917,8488244,0.32468012516393197,0.3805073664789646,0.336663143583768,-0.15295728122570873,0.47589060356946006,-0.49874143280323924
34.584376096725464,8488217,0.3250808950077394,0.38006651961739857,0.33746468328410906,-0.15267674241350868,0.4786559161274724,-0.49910212563935163
34.69232964515686,8488324,0.32139381245247767,0.3845150652334152,0.34415753981526126,-0.14886942996308217,0.4718428272402346,-0.5072778299642295
34.79515099525452,8488361,0.3222755061054143,0.38323260162944855,0.342273921504047,-0.1596100587749562,0.47540967964767794,-0.5037911325222297
34.91180658340454,8488348,0.31814757673883004,0.3848757581224632,0.34163268973961003,-0.1518752029501292,0.47416729285158804,-0.5066766752318538
35.013627767562866,8488224,0.3185884235633553,0.38443491125809703,0.33710399041885053,-0.14590373395010597,0.4692778996798441,-0.5076785997860448
35.121785163879395,8488098,0.31289749184741034,0.3838738334311321,0.3375849142392334,-0.15307751214522577,0.4854289281011215,-0.5006651279308715
35.23669648170471,8487949,0.32031173387977374,0.3871200694363719,0.33906776268734107,-0.15840774957889442,0.4749688327197284,-0.5031499008102746
35.341397285461426,8487805,0.3142601092968168,0.3842345263198425,0.3385066848958226,-0.15419966739413257,0.48851485666014755,-0.5014666675686218
35.44570541381836,8487623,0.3193498862608428,0.38215052296546503,0.3375448372541898,-0.15155458716479756,0.486671314921571,-0.5021078992793474
35.56308841705322,8487516,0.32536143389852745,0.3775015924284028,0.33209436730797065,-0.1521557417623038,0.47400698487809284,-0.49597612106457484
35.66635179519653,8487512,0.30985164108653146,0.3827917547661385,0.33501998720071813,-0.15043243191622574,0.4829040774743584,-0.5052739808579271
35.77434039115906,8487387,0.32183465927882193,0.3797859807056394,0.3354207570499146,-0.1507931246746803,0.4791368400519583,-0.5021078992793474
35.887064933776855,8487254,0.3192697322926516,0.38635860666832594,0.3415124587838392,-0.15636382394602025,0.4736062149445484,-0.5051537499116956
35.99049735069275,8487168,0.3241190473829482,0.38455514222107784,0.3428349992983801,-0.1587283653644922,0.4778944532478574,-0.5048331340551595
36.09938192367554,8487097,0.31281733787987054,0.381509291165389,0.33622229674894194,-0.1531175891183985,0.486671314921571,-0.5012262056772202
36.20730757713318,8487009,0.3100921029882864,0.380186750579616,0.3372242213739176,-0.15107366348682139,0.4872724698356663,-0.5029495159003847
36.31733179092407,8486941,0.32796643788926133,0.38880330292665305,0.3347394483064063,-0.15347828187696136,0.47733337533720543,-0.5045926721628347
36.427772760391235,8486916,0.3237182775396357,0.38455514222107784,0.3401097643012697,-0.14886942996308217,0.4722836741658122,-0.5059152125714417
36.534334659576416,8487053,0.3286477466267464,0.38567729787658406,0.3323749062013099,-0.1521557417623038,0.47621121951753675,-0.49437304179970865
36.64628481864929,8487062,0.3238385084926079,0.38307229367912127,0.341432304813336,-0.1426975760991682,0.48426669527154154,-0.5066365982497102
36.75678586959839,8487080,0.3180674227707609,0.3820302920029053,0.33389783162409103,-0.15339812793061275,0.47733337533720543,-0.4999437422575189
36.85937476158142,8487161,0.323117122775053,0.396257622719672,0.3415124587838392,-0.15756613314176388,0.4762913735045837,-0.5027090540085775
36.96625256538391,8487241,0.3187487314996074,0.37810274723747217,0.33834637695546543,-0.1501919700772638,0.4870320078699518,-0.5035907476121934
37.07443618774414,8487429,0.31814757673883004,0.3850360660732123,0.33610206579403384,-0.1478274286611266,0.47003936254815976,-0.5061556744641313
37.182432413101196,8487534,0.32572212675826095,0.38174975309034753,0.3375047602691484,-0.152636665440338,0.47997845692077556,-0.5014666675686218
37.287423610687256,8487549,0.3137391085070633,0.3813489832154633,0.33445890941219786,-0.1444208859439329,0.4756501416085191,-0.509401910021965
37.40597343444824,8487587,0.3145005711998948,0.38166959911535203,0.33461921735173283,-0.15335805095743874,0.4789364550833737,-0.510203449667751
37.51056885719299,8487600,0.32315719975934415,0.38848268702342115,0.33970899444958796,-0.15468059107228088,0.478495608152733,-0.5051938268937709
37.62030053138733,8487691,0.32007127197493074,0.38235090790311127,0.33926814761298457,-0.1417758057171889,0.48286400048037276,-0.5086003703769236
37.72840094566345,8487882,0.32223542912116837,0.38567729787658406,0.3409513809904969,-0.16009098245343498,0.47773414527332975,-0.5040716713963579
37.8341338634491,8488123,0.33121267364385937,0.3859177598030035,0.3351001411705405,-0.15135420229897106,0.4798983029332161,-0.5051537499116956
37.94743585586548,8488347,0.32375835452395774,0.38936438075767327,0.3322947522317739,-0.15347828187696136,0.47669214343998517,-0.5051537499116956
38.05630970001221,8488582,0.3238385084926079,0.37838328614854944,0.33514021815545486,-0.15239620360131764,0.4756100646150386,-0.5005448969852718
38.168009996414185,8488826,0.3211533505473035,0.3812287522530435,0.33770514519437694,-0.14963089245304312,0.48250330753462845,-0.5085602933946911
38.27238416671753,8488961,0.322996891822192,0.38431468029513727,0.34079107304961903,-0.15191527992329648,0.4857094670603407,-0.5116462210320472
38.380457639694214,8489086,0.3215541203893015,0.3896449196733574,0.33746468328410906,-0.15540197658955537,0.47733337533720543,-0.5044724412166971
38.487587451934814,8489117,0.32948936330329404,0.3813890602029412,0.33734445232900373,-0.1508332016478428,0.482984231462338,-0.4994227414937973
38.59845328330994,8489000,0.32820689979654033,0.3821905999529896,0.33946853253868137,-0.1513141253258063,0.4861503139965361,-0.5012662826591159
38.70577907562256,8489005,0.32756566804396264,0.38575745185204785,0.3423941524599401,-0.15027212402358375,0.4748886787328645,-0.5037510555402188
38.814117193222046,8488982,0.32812674582743906,0.38399406439401446,0.3429151532690335,-0.15981044364098523,0.4782952231843715,-0.5047930570731007
38.92373061180115,8488992,0.3256419727894168,0.39301138667064045,0.34199338260703827,-0.15764628708815331,0.4794574560018387,-0.5037911325222297
39.03259468078613,8488851,0.3266038204160928,0.38403414138164665,0.3405906881235698,-0.14698581222501092,0.47420736984496875,-0.5059953665356642
39.14074397087097,8488783,0.33069167284281564,0.37621912883745945,0.33746468328410906,-0.1509133555941683,0.4833850014024049,-0.49677766069808627
39.24956178665161,8488959,0.33117259665915116,0.3828318317537005,0.3379055301196586,-0.1533179739842649,0.48130099771712187,-0.499342587530175
39.35808205604553,8489168,0.32676412835398816,0.38635860666832594,0.34660223592840733,-0.16033144429268611,0.48017884188972315,-0.5028693619364416
39.460364818573,8489460,0.3260026656492806,0.3936926954697537,0.34267469135709916,-0.15383897463553933,0.47801468422878235,-0.5049934419834129
39.57008147239685,8489710,0.32263619896372,0.38002644262999746,0.33566121895953394,-0.15195535689646392,0.47873607011485886,-0.5006651279308715
39.679290533065796,8489841,0.32656374343162414,0.3842345263198425,0.3414723817985865,-0.14927019969463307,0.476411604485175,-0.5037109785582097
39.791298389434814,8489802,0.325321356914123,0.38299213970397167,0.34223384451875366,-0.15800697984691606,0.4794574560018387,-0.5050335189654808
39.898465394973755,8489829,0.3243595092890346,0.38599791377849557,0.34006968731609194,-0.14406019318570482,0.480539534834005,-0.5058350586072266
40.002991914749146,8489811,0.32740536010590127,0.3838337564435093,0.34006968731609194,-0.1527969733330219,0.4805796118278281,-0.5040716713963579
40.11635684967041,8489895,0.32548166485175334,0.381509291165389,0.33874714680642226,-0.15123397137947728,0.47761391429246325,-0.5058350586072266
40.22769284248352,8490075,0.33093213475094574,0.38507614306090543,0.3361421427790011,-0.15347828187696136,0.4796578409706047,-0.5018674373877705
40.33569860458374,8490123,0.33069167284281564,0.3872803773876479,0.3454400033490237,-0.15496112988454683,0.48242315354671617,-0.5044724412166971
40.44389200210571,8490134,0.3170654981705828,0.38227075392804577,0.3347795252913016,-0.15235612662814818,0.48278384649240996,-0.5113656821554665
40.5479052066803,8490270,0.32351789261805675,0.3848757581224632,0.33830629997038136,-0.14514227146042433,0.47128174933543626,-0.5077587537504301
40.659794330596924,8490224,0.33133290459799664,0.3842345263198425,0.33550091101977925,-0.150392354943065,0.48322469342634444,-0.5013063596410134
40.76601028442383,8490101,0.32724505216787325,0.38760099329031306,0.3305313649041042,-0.15456036015274122,0.4798181489456679,-0.503630824594197
40.87680006027222,8489966,0.320632349753012,0.3827917547661385,0.3404303801827689,-0.1511137404599851,0.4883946256770143,-0.5015067445505285
40.98860764503479,8489972,0.3264034354937703,0.3813489832154633,0.33994945636057144,-0.14622434973525134,0.4854690050952871,-0.5084400624480047
41.09425592422485,8490082,0.32836720773476796,0.37477635730047043,0.3370238364488164,-0.15327789701109124,0.47761391429246325,-0.4932108093344733
41.20344305038452,8490070,0.3188288854677457,0.3827917547661385,0.338707069821317,-0.1517549720306285,0.48923624255948317,-0.5005849739671365
41.312379598617554,8489847,0.3234778156337471,0.38547691293796577,0.33818606901514225,-0.15239620360131764,0.48230292256486884,-0.5090412171816043
41.420385122299194,8489587,0.3284874386884605,0.3822306769405165,0.338586838866014,-0.1539592055550687,0.4816216136682103,-0.49974335734835884
41.531782388687134,8489348,0.33117259665915116,0.385557066913406,0.35161185913631804,-0.14850873720470048,0.4774536063180136,-0.5051537499116956
41.63840627670288,8489150,0.32524120294532016,0.3871200694363719,0.3418731516512096,-0.15828751865929871,0.4787761471085562,-0.503630824594197
41.7496976852417,8489063,0.32856759265759927,0.3822306769405165,0.3383864539405515,-0.1527969733330219,0.4809002277785134,-0.49978343433018724
41.85441994667053,8488828,0.3294492863186757,0.3828719087412648,0.34884654712134333,-0.15067289375519388,0.4772131443564224,-0.5047129031089888
41.96655035018921,8488623,0.3292489013956152,0.3938930804108006,0.343516308049208,-0.15712528643663662,0.48146130569264367,-0.5042720563065045
42.07499623298645,8488356,0.33253521414040704,0.38475552715942607,0.34355638503457026,-0.14538273329926535,0.4809002277785134,-0.5062358284283761
42.182976484298706,8488186,0.3175864989625171,0.3815493681528763,0.3346592943366219,-0.1517549720306285,0.4880339327277675,-0.5014666675686218
42.28937554359436,8488162,0.33698375946380255,0.3847956041471028,0.3404303801827689,-0.1516347411111294,0.48150138268653114,-0.4942127338733799
42.4008002281189,8488043,0.33173367444525703,0.3932117716114845,0.3449590795236038,-0.1535584358233107,0.48358538637254367,-0.5056747506788184
42.50911092758179,8488056,0.3309722117356414,0.38583760582752097,0.3479648534375917,-0.15804705682011294,0.4807799967969854,-0.5039113634682737
42.61543583869934,8488196,0.33245506017085424,0.3772611305049208,0.33938837856839627,-0.15303743517205323,0.4831846164323363,-0.49425281085495937
42.72239804267883,8488364,0.3373043753439729,0.37722105351768187,0.3420735365776015,-0.1520755878159673,0.4849079271772236,-0.49365165613145445
42.833863496780396,8488490,0.32335758468083053,0.38375360246827084,0.3391479166575921,-0.1470258891981577,0.4848277731889739,-0.5101232957031389
42.940648794174194,8488551,0.3262431275559496,0.38102836731572365,0.3395887634941251,-0.15383897463553933,0.49228209414460555,-0.49926243356655997
43.04535698890686,8488510,0.3318138284147343,0.38679945353393314,0.33706391343383246,-0.1520755878159673,0.4823830765527643,-0.5029094389184123
43.156848669052124,8488446,0.33453906338196115,0.38880330292665305,0.33570129594447784,-0.1521958187354723,0.4809403047723616,-0.5044323642346549
43.26138114929199,8488507,0.33654291262879005,0.3812688292405144,0.33782537614953956,-0.15500120685772847,0.47977807195189787,-0.49773950825925173
43.36913084983826,8488491,0.33105236570503904,0.38010659660480206,0.3397490714347466,-0.15255651149399715,0.49364471196433113,-0.502188053243221
43.48210430145264,8488483,0.32680420533846716,0.38166959911535203,0.3420735365776015,-0.15772644103454359,0.48206246060124974,-0.5040716713963579
43.59294605255127,8488528,0.3302107490267814,0.3913281531699023,0.34371669297604046,-0.15640390091920878,0.4848277731889739,-0.5022281302251606
43.70039439201355,8488542,0.3321344442927271,0.38916399581796995,0.34459838665474285,-0.1544802062063824,0.483425078396427,-0.5007452818946138
43.80833888053894,8488683,0.331092442689741,0.3932117716114845,0.3439170779029267,-0.15371874371601166,0.48350523238447973,-0.5036709015762024
43.9178409576416,8488764,0.33742460629907184,0.3785035171104744,0.34359646201993455,-0.15251643452082697,0.48278384649240996,-0.4957356591746617
44.02632451057434,8488815,0.3292489013956152,0.378142824224762,0.3398292254050701,-0.1507931246746803,0.48061968882165396,-0.4987815097850222
44.13541388511658,8488912,0.3272851291523771,0.3846352961964101,0.3432758461370802,-0.15243628057448724,0.48811408671646916,-0.5085602933946911
44.243250608444214,8488820,0.3305313649041042,0.3839139104187573,0.343476231063848,-0.1453426563261248,0.47589060356946006,-0.5060354435177783
44.35686230659485,8488865,0.336783374538765,0.3793451338445335,0.3407509960644049,-0.1531175891183985,0.484627388218399,-0.49565550521137175
44.46163058280945,8488752,0.3332565998667604,0.3821905999529896,0.34475869459643727,-0.14245711426038415,0.48799385573342086,-0.5070774450533914
44.568689584732056,8488752,0.3259225116804075,0.38166959911535203,0.3412719968723554,-0.15732567130260047,0.4794574560018387,-0.5045926721628347
44.67657709121704,8488784,0.3300504410881702,0.38327267861703623,0.3504496265490474,-0.1500316621846259,0.47885630109595934,-0.5036709015762024
44.788315296173096,8488720,0.334378755442443,0.38066767442869476,0.34223384451875366,-0.1522759726818099,0.48370561735466067,-0.4986612788396786
44.907320976257324,8488813,0.3207926576896803,0.378142824224762,0.34014984128644965,-0.1521958187354723,0.4905187063827951,-0.5018674373877705
45.0124614238739,8488975,0.3284874386884605,0.3812688292405144,0.34079107304961903,-0.15075304770151798,0.49067901436091377,-0.5091614481283744
45.12092733383179,8489060,0.33301613795790025,0.3839539874063847,0.3459610041602465,-0.1596902127213672,0.4829040774743584,-0.503109823828293
45.23697590827942,8489087,0.32039188784807104,0.3818699840528583,0.3399895333457428,-0.15015189310410407,0.4884347026713892,-0.5114859131025613
45.34146070480347,8489173,0.3375047602691484,0.37810274723747217,0.3439571548883104,-0.1493102766677891,0.4865110069445863,-0.4990620486575542
45.45292806625366,8489169,0.33333675383639716,0.3779424392883361,0.33898760871709854,-0.14979120034567422,0.48406631030116365,-0.49397227198394034
45.55499887466431,8489221,0.3365829896137805,0.37661989870937534,0.34191322863648366,-0.1497511233725162,0.4862304679849719,-0.4968978916431751
45.66361665725708,8489267,0.3318939823842199,0.3826314468159141,0.3430353842250297,-0.15059273980887047,0.48751293180148264,-0.5004647430215479
45.776357650756836,8489252,0.3245999711951953,0.38118867526557487,0.34271476834241615,-0.1513141253258063,0.4899977054542238,-0.5027090540085775
45.88269543647766,8489225,0.32820689979654033,0.38511622004860085,0.34175292069540014,-0.15203551084279932,0.48775339376740084,-0.5072377529820582
45.99768781661987,8489308,0.3275255910594442,0.3845150652334152,0.34051053415316507,-0.1506328167820321,0.48987747447077545,-0.5140909169604264
46.10141444206238,8489286,0.3351001411705405,0.38006651961739857,0.3405506111383663,-0.15027212402358375,0.4828239234863899,-0.49926243356655997
46.21143174171448,8489296,0.3301305950574716,0.37633935979901,0.33946853253868137,-0.15103358651365786,0.4838659253308561,-0.4987815097850222
46.32491755485535,8489214,0.32836720773476796,0.3828719087412648,0.33878722379152965,-0.15179504900379523,0.48687169989286544,-0.5023884381529369
46.42944264411926,8489153,0.3273252061368831,0.38247113886572703,0.3450392334944855,-0.15199543386963152,0.4800185339145595,-0.5025487460807425
46.53295350074768,8489045,0.3326955220795378,0.38166959911535203,0.34179299768066784,-0.15287712727936492,0.4838659253308561,-0.4973387384419731
46.647358894348145,8488866,0.33425852448782656,0.38691968449733,0.33598183483914484,-0.15456036015274122,0.4836254633665799,-0.5024285151348855
46.75758147239685,8488844,0.3367032205687649,0.3792649798698171,0.3433159231224294,-0.15095343256733132,0.4865110069445863,-0.4981803550584669
46.86081385612488,8488616,0.3252011259609219,0.38335283259221864,0.33766506820932696,-0.149951508238308,0.48146130569264367,-0.5058751355893332
46.97239351272583,8488476,0.33149321253687564,0.3848757581224632,0.35185232105115555,-0.1493904306141016,0.4809002277785134,-0.5056747506788184
47.08043432235718,8488304,0.3401899182716317,0.38371352548065507,0.3395486865089751,-0.150312200996744,0.4873526238242604,-0.5022682072071019
47.1928071975708,8488107,0.3375047602691484,0.38996553557713853,0.340670842093983,-0.1554821305359231,0.48045938084636725,-0.4930505014083519
47.299511432647705,8487922,0.3326955220795378,0.3834329865674103,0.3506900884635042,-0.15047250888938665,0.48134107471099813,-0.5039113634682737
47.406519651412964,8487878,0.325321356914123,0.37990621166780797,0.34243422944524216,-0.15055266283570903,0.4922019401553126,-0.5069171371247542
47.515923500061035,8487827,0.33017067204212547,0.38944453473357116,0.3332565998667604,-0.15235612662814818,0.48466746521250836,-0.5047529800910439
47.62239217758179,8487778,0.33522037212528993,0.3875609163024716,0.3360619888090688,-0.15135420229897106,0.490238167421197,-0.5030697468463131
47.72563076019287,8487769,0.332935983988297,0.3842345263198425,0.3366230665987732,-0.15095343256733132,0.48494800417135275,-0.5039915174323122
47.83837151527405,8487858,0.3409513809904969,0.3781829012120541,0.34315561518104526,-0.1516748180842956,0.48458731122429244,-0.49661735277132635
47.945409297943115,8487880,0.3281668228119886,0.38351314054261143,0.3418330746659376,-0.15884859628409487,0.48009868790213583,-0.5038312095042426
48.05632925033569,8487912,0.3243595092890346,0.38215052296546503,0.3385467618809172,-0.1518752029501292,0.4829441544683468,-0.5115660670673006
48.164496421813965,8487815,0.3328959070034986,0.3908071523252862,0.34335600010778083,-0.15476074501864162,0.484386926253802,-0.5019075143696954
48.27432584762573,8487811,0.32652366644715763,0.3878414552174109,0.3335371387605262,-0.15239620360131764,0.4812208437293778,-0.5042720563065045
48.383342266082764,8487845,0.33878722379152965,0.38527652799940626,0.3380658380599222,-0.15075304770151798,0.4858296980429056,-0.5030697468463131
48.49374794960022,8487762,0.33898760871709854,0.38455514222107784,0.3348196022761991,-0.15027212402358375,0.48514838914204034,-0.5030697468463131
48.60301661491394,8487784,0.33453906338196115,0.3789443639710445,0.3401097643012697,-0.14971104639935834,0.48434684925971233,-0.499342587530175
48.71145415306091,8487711,0.33626237373391554,0.3775416694156579,0.3391879936427208,-0.1501919700772638,0.4852285431303352,-0.4993025105483665
48.81474852561951,8487687,0.33461921735173283,0.38010659660480206,0.33894753173198056,-0.15199543386963152,0.4849079271772236,-0.4981803550584669
48.9248366355896,8487619,0.3339379086089421,0.38339290957981326,0.34511938746537585,-0.16073221402478885,0.48166169066210895,-0.5039915174323122
49.03314995765686,8487745,0.3320142133384641,0.3914483841341015,0.34359646201993455,-0.1533179739842649,0.4856693900661581,-0.504552595180787
49.13953161239624,8487907,0.3295695172725371,0.3839539874063847,0.33926814761298457,-0.1482682753657867,0.48021891888352114,-0.5051136729296222
49.24940800666809,8488084,0.3282469767810941,0.3836333715054306,0.34251438341585255,-0.15500120685772847,0.47973799495813074,-0.5039915174323122
49.356391191482544,8488260,0.33121267364385937,0.3839139104187573,0.3406307651087753,-0.14189603663657352,0.4855090820894557,-0.5090011401993513
49.46355748176575,8488279,0.33089205776625213,0.3944942352343,0.3411918429018779,-0.15504128383091026,0.48065976581548264,-0.5034304396841972
49.5745153427124,8488376,0.34051053415316507,0.3836333715054306,0.33842653092563973,-0.15043243191622574,0.483465155390452,-0.5032300547742433
49.68615984916687,8488417,0.33389783162409103,0.38315244765428025,0.34584077320377804,-0.1596501357481616,0.48498808116548464,-0.5015868985143472
49.79479384422302,8488348,0.3241190473829482,0.38447498824575493,0.3358215268993225,-0.1518752029501292,0.48747285480717284,-0.5127282995568613
49.894927978515625,8488310,0.3318138284147343,0.3849959890855215,0.35012901066322727,-0.14862896812415957,0.4790967630582358,-0.5057148276609176
50.011927366256714,8488235,0.3335371387605262,0.379705826730872,0.3377852991644832,-0.14987135429199078,0.4836254633665799,-0.500384589057831
50.117372035980225,8488363,0.32948936330329404,0.38255129284081596,0.3399895333457428,-0.14325865372301674,0.4862304679849719,-0.5049934419834129
50.22633409500122,8488447,0.32836720773476796,0.38042721250411343,0.33842653092563973,-0.14927019969463307,0.4881942407051822,-0.5116862980144233
50.33530068397522,8488512,0.32964967124178834,0.38447498824575493,0.3479648534375917,-0.14750681287593143,0.47977807195189787,-0.5047930570731007
50.44339394569397,8488652,0.33221459826224625,0.3956564678945921,0.3439972318736963,-0.15504128383091026,0.4791368400519583,-0.5030697468463131
50.55274534225464,8488649,0.33485967926109866,0.38615822172950776,0.33461921735173283,-0.15203551084279932,0.48134107471099813,-0.5039514404502919
50.65939450263977,8488660,0.32648358946269307,0.3825112158532703,0.33950860952382717,-0.15231604965497897,0.48915608857062265,-0.5084801394302316
50.77297258377075,8488669,0.3315332895216006,0.37974590371825456,0.3433960770931344,-0.1511137404599851,0.48823431769954295,-0.5096824488979053
50.87395787239075,8488757,0.3363425277038691,0.3767802066582063,0.33894753173198056,-0.14906981482885556,0.4852686201244868,-0.4972986614602552
50.988531827926636,8488833,0.33365736971502885,0.3785435940977874,0.3339379086089421,-0.14971104639935834,0.48045938084636725,-0.49673758371639354
51.09338045120239,8488905,0.32075258070551016,0.37958559576873824,0.3405506111383663,-0.14770719774167723,0.49324394201701033,-0.5039113634682737
51.20146203041077,8488843,0.3302107490267814,0.381509291165389,0.34343615407849015,-0.15664436275834412,0.4847075422066205,-0.5024285151348855
51.309518337249756,8488718,0.33626237373391554,0.37517712717155693,0.3380658380599222,-0.1475869668222293,0.4851884661361864,-0.4993826645119852
51.41565299034119,8488714,0.32664389740056354,0.3812287522530435,0.34816523836562463,-0.14718619709074646,0.478495608152733,-0.5055945967146254
51.5274658203125,8488665,0.32792636090472216,0.3867593765461389,0.3326955220795378,-0.1516347411111294,0.4833048474143691,-0.5037911325222297
51.636390209198,8488633,0.3267240513695112,0.38335283259221864,0.3380658380599222,-0.14398003923943348,0.48643085295611094,-0.5057949816251217
51.74439287185669,8488564,0.3302909029960996,0.38587768281526114,0.3302909029960996,-0.1516748180842956,0.4852285431303352,-0.5039915174323122
51.85348200798035,8488446,0.32756566804396264,0.38162952212785783,0.3393483015832569,-0.15476074501864162,0.48234299955881516,-0.5045926721628347
51.966235876083374,8488397,0.3307317498274988,0.38507614306090543,0.33389783162409103,-0.1498312773188324,0.4838659253308561,-0.5033102087382194
52.07035827636719,8488326,0.3365829896137805,0.38599791377849557,0.33530052609513344,-0.15223589570864102,0.48146130569264367,-0.5027491309905407
52.17958617210388,8488296,0.3308119037968713,0.38475552715942607,0.34199338260703827,-0.1465850424935516,0.4844670802419897,-0.5069171371247542
52.28871202468872,8488218,0.33065159585813464,0.3822306769405165,0.33978914841990726,-0.1509133555941683,0.4817418446499147,-0.5016269754962595
52.39750599861145,8488171,0.3256419727894168,0.3814291371904215,0.33642268167383105,-0.14674535038613346,0.47669214343998517,-0.5057148276609176
52.50871801376343,8488135,0.32976990219568103,0.38936438075767327,0.33902768570221875,-0.15375882068918736,0.4819422296194781,-0.5047930570731007
52.61180353164673,8488117,0.32904851647260686,0.3843948342704414,0.3326554450947519,-0.15051258586254776,0.4852285431303352,-0.5037510555402188
52.72137713432312,8488100,0.32604274263372024,0.3803871355166914,0.337745222179429,-0.14602396486953434,0.47601083454996806,-0.50487321103722
52.828532218933105,8488011,0.3300504410881702,0.3849959890855215,0.33409821654836747,-0.14955073850672862,0.4819422296194781,-0.4989418177121725
52.942996978759766,8487793,0.327766052966586,0.3794252878192591,0.3380658380599222,-0.14906981482885556,0.48254338452858886,-0.5031499008102746
53.05036735534668,8487641,0.3252011259609219,0.3805073664789646,0.336382604688849,-0.14726635103704172,0.4821426145891115,-0.5057148276609176
53.16079378128052,8487477,0.3276057450284831,0.3818699840528583,0.3369036054937812,-0.14862896812415957,0.4817418446499147,-0.5046327491448842
53.26846146583557,8487346,0.3248003561170525,0.38259136982836384,0.33485967926109866,-0.15011181613094451,0.48005861090834623,-0.504552595180787
53.376638889312744,8487144,0.32275642991652553,0.38010659660480206,0.3353806800649854,-0.14842858325839522,0.47933722502061266,-0.5046327491448842
53.48345470428467,8486880,0.3222755061054143,0.38227075392804577,0.33574137292942396,-0.1499114312651493,0.47985822593944055,-0.5037109785582097
53.5914261341095,8486442,0.3208327346738525,0.380948213340812,0.3347394483064063,-0.14766712076852775,0.4790967630582358,-0.5052339038758481
53.70249319076538,8485886,0.32251596801093296,0.3821905999529896,0.33365736971502885,-0.149951508238308,0.4779746072351379,-0.5039915174323122
53.81457567214966,8485217,0.32315719975934415,0.3815493681528763,0.33317644589713186,-0.14874919904362013,0.47949753299558634,-0.5035907476121934
53.92038893699646,8484497,0.3217945822945986,0.3803871355166914,0.3325752911251866,-0.14919004574832154,0.4788963780896651,-0.5040315944143341
54.02953505516052,8483722,0.32143388943668055,0.38255129284081596,0.3321344442927271,-0.150392354943065,0.47853568514641365,-0.5049132880192825
54.141796588897705,8482892,0.3213136584840781,0.38259136982836384,0.33221459826224625,-0.14967096942620067,0.4794574560018387,-0.5053541348220906
54.2463436126709,8482030,0.32019150292734305,0.3827116007910216,0.332414983186081,-0.1499114312651493,0.4796578409706047,-0.5045926721628347
54.35535287857056,8481180,0.3227965069007981,0.3828719087412648,0.3332966768515777,-0.14935035364094526,0.47773414527332975,-0.5059152125714417
54.46448516845703,8480306,0.3197506561019212,0.3813890602029412,0.3328157530339079,-0.1489896608825457,0.4783353001780382,-0.5052739808579271
54.575862407684326,8479496,0.3202716568956281,0.3823108309155774,0.3332966768515777,-0.14943050758725807,0.4783353001780382,-0.5047930570731007
54.6819052696228,8478569,0.31930980927674624,0.3823108309155774,0.3337776006695505,-0.14947058456041476,0.47961776397684597,-0.5050735959475506
54.792948722839355,8477657,0.3211533505473035,0.380948213340812,0.3322947522317739,-0.14963089245304312,0.4776940682797048,-0.5059152125714417
54.90223670005798,8476746,0.3213136584840781,0.38162952212785783,0.33301613795790025,-0.1498312773188324,0.47761391429246325,-0.504552595180787
55.00961399078369,8475873,0.3202716568956281,0.38086805936590973,0.3335772157453583,-0.14894958390939103,0.47869599312116423,-0.5044724412166971
55.11209511756897,8475023,0.3204720418163765,0.38010659660480206,0.33173367444525703,-0.14818812141948343,0.47733337533720543,-0.5059152125714417
55.22801756858826,8474213,0.32191481324727483,0.38199021501539004,0.3320542903232163,-0.14967096942620067,0.4764917584722497,-0.5055945967146254
55.3395516872406,8473557,0.3202716568956281,0.38082798237846205,0.332254675247009,-0.14910989180201073,0.4782952231843715,-0.5040315944143341
55.44541072845459,8473058,0.3194701172131449,0.3818699840528583,0.3318138284147343,-0.14874919904362013,0.47933722502061266,-0.5049934419834129
55.554293155670166,8472686,0.3209128886422029,0.3827917547661385,0.33069167284281564,-0.15135420229897106,0.47717306736283366,-0.5037911325222297
55.665701150894165,8472354,0.32015142594320356,0.38170967610284867,0.33209436730797065,-0.1493904306141016,0.47897653207708496,-0.5051537499116956
55.76781892776489,8472054,0.3187888084836755,0.3820302920029053,0.33217452127748565,-0.14874919904362013,0.4794574560018387,-0.5053140578400079
55.8784704208374,8471777,0.3186285005474153,0.38174975309034753,0.3316134434910569,-0.15015189310410407,0.4787761471085562,-0.5049934419834129
55.99253010749817,8471514,0.3197907330860402,0.38215052296546503,0.3318939823842199,-0.14870912207046644,0.47885630109595934,-0.5046327491448842
56.097227334976196,8471268,0.32075258070551016,0.3823108309155774,0.33069167284281564,-0.14955073850672862,0.4776539912860826,-0.5047930570731007
56.20752000808716,8471040,0.31846819261118764,0.3828719087412648,0.3323749062013099,-0.14927019969463307,0.4780948382160796,-0.50487321103722
56.317354679107666,8470841,0.3189891934040466,0.3815493681528763,0.3321344442927271,-0.14955073850672862,0.4778944532478574,-0.5042720563065045
56.42633557319641,8470652,0.3185884235633553,0.38295206271640037,0.3332966768515777,-0.1493102766677891,0.4777742222669575,-0.5059953665356642
56.538527488708496,8470472,0.31738611404250183,0.38074782840357374,0.33297606097309757,-0.1478274286611266,0.4780948382160796,-0.5049132880192825
56.63905382156372,8470303,0.3186685775314773,0.38295206271640037,0.3320542903232163,-0.1499114312651493,0.478495608152733,-0.5049533650013468
56.749300479888916,8470146,0.31902927038812695,0.38227075392804577,0.3326554450947519,-0.1482682753657867,0.4785757621400971,-0.5059152125714417
56.85727143287659,8469995,0.3181876537228676,0.38006651961739857,0.331413058567432,-0.1483083523389386,0.4791368400519583,-0.5046327491448842
56.965821266174316,8469846,0.3183479616590383,0.38243106187818615,0.33089205776625213,-0.1506328167820321,0.4773734523308054,-0.5044724412166971
57.08096408843994,8469715,0.3191895783244686,0.38191006104036657,0.3318138284147343,-0.1518351259769621,0.4763715274916418,-0.503189977792258
57.18638014793396,8469596,0.3198708870542845,0.3812287522530435,0.3305714418887789,-0.14963089245304312,0.47757383729884667,-0.5054743657683497
57.29442739486694,8469481,0.31910942435629364,0.3819501380278771,0.33069167284281564,-0.14947058456041476,0.4776539912860826,-0.5057549046430188
57.404324531555176,8469370,0.31846819261118764,0.3827917547661385,0.3315332895216006,-0.1495106615335716,0.4751291406934894,-0.5059552895535521
57.515551805496216,8469261,0.3198708870542845,0.38235090790311127,0.3309722117356414,-0.1492301227214772,0.4757703725889771,-0.5043121332885393
57.61842441558838,8469157,0.31822773070690724,0.3815493681528763,0.3308519807815607,-0.14862896812415957,0.4783353001780382,-0.5058751355893332
57.72853183746338,8469061,0.3181074997547944,0.3811485982781086,0.33125275062856974,-0.14910989180201073,0.478174992203388,-0.5047930570731007
57.8396110534668,8468969,0.31830788467499255,0.3828318317537005,0.3316535204757882,-0.14979120034567422,0.4783353001780382,-0.5053140578400079
57.94862747192383,8468881,0.31826780769094887,0.38130890622798763,0.3321344442927271,-0.14858889115100637,0.4774936833116218,-0.5061556744641313
58.054380893707275,8468795,0.3180674227707609,0.38158944514036586,0.33017067204212547,-0.1497511233725162,0.47733337533720543,-0.5040315944143341
58.162358045578,8468710,0.31830788467499255,0.38215052296546503,0.33125275062856974,-0.15095343256733132,0.4768524514142235,-0.5052339038758481
58.27031970024109,8468624,0.31798726880269995,0.38166959911535203,0.331092442689741,-0.14935035364094526,0.4776940682797048,-0.5035506706301915
58.37946653366089,8468543,0.3197105791178042,0.38215052296546503,0.330371056965426,-0.15015189310410407,0.47605091154347623,-0.503109823828293
58.49035406112671,8468466,0.3193498862608428,0.38259136982836384,0.3314531355521528,-0.149951508238308,0.47657191245933556,-0.5039915174323122
58.60070061683655,8468393,0.3181074997547944,0.38243106187818615,0.32964967124178834,-0.15051258586254776,0.47897653207708496,-0.5061957514462528
58.70649838447571,8468323,0.31842811562713585,0.3809882903282667,0.3316535204757882,-0.14894958390939103,0.47821506919704637,-0.5048331340551595
58.82083082199097,8468257,0.31842811562713585,0.38158944514036586,0.3308519807815607,-0.1495106615335716,0.47729329834360834,-0.5062759054105012
58.93057298660278,8468187,0.3177468068985659,0.38166959911535203,0.3304111339500924,-0.14967096942620067,0.4778944532478574,-0.5043121332885393
59.03636050224304,8468116,0.3180273457867294,0.38162952212785783,0.3309722117356414,-0.1483083523389386,0.4772131443564224,-0.5054743657683497
59.14694094657898,8468051,0.3170254211866021,0.38207036899042285,0.3315332895216006,-0.151153817433149,0.477814299260588,-0.5044323642346549
59.256675481796265,8467992,0.3177468068985659,0.3822306769405165,0.3310122887203392,-0.14963089245304312,0.477052836382084,-0.5053942118041751
59.365776777267456,8467935,0.3185483465792974,0.38130890622798763,0.3309722117356414,-0.14834842931209063,0.47813491520973245,-0.5049132880192825
59.471357583999634,8467877,0.31798726880269995,0.381509291165389,0.32932905536483315,-0.15015189310410407,0.47733337533720543,-0.5045926721628347
59.58140707015991,8467821,0.3181876537228676,0.3812287522530435,0.3308519807815607,-0.14786750563427672,0.4774536063180136,-0.5073179069464028
59.69051241874695,8467767,0.31902927038812695,0.38255129284081596,0.3301305950574716,-0.14955073850672862,0.4760909885369872,-0.5053541348220906
59.80385637283325,8467709,0.3181876537228676,0.38199021501539004,0.33125275062856974,-0.14927019969463307,0.47693260540135934,-0.506075520499894
59.90736699104309,8467655,0.3189891934040466,0.38291198572883145,0.3286477466267464,-0.149951508238308,0.47897653207708496,-0.50487321103722
60.01532506942749,8467610,0.3176666529305374,0.38102836731572365,0.3310122887203392,-0.14762704379537844,0.4774936833116218,-0.5056747506788184
60.12748122215271,8467565,0.3193498862608428,0.3836333715054306,0.3303309799807617,-0.15011181613094451,0.47729329834360834,-0.5054743657683497
60.228901863098145,8467522,0.31983081007016134,0.38178983007784884,0.3303309799807617,-0.1500316621846259,0.4766119894528827,-0.5051938268937709
60.340160608291626,8467480,0.3189891934040466,0.38259136982836384,0.33065159585813464,-0.14963089245304312,0.4762913735045837,-0.504151825360411
60.45273423194885,8467440,0.31654449737899126,0.3822306769405165,0.3326955220795378,-0.1489095069362365,0.4782952231843715,-0.5047129031089888
60.56339120864868,8467393,0.3167448822987936,0.38307229367912127,0.3320142133384641,-0.14914996877516604,0.4777742222669575,-0.5050735959475506
60.67400550842285,8467347,0.3177468068985659,0.38267152380346675,0.33125275062856974,-0.15119389440631303,0.47729329834360834,-0.5045125181987411
60.78313326835632,8467306,0.31838803864308607,0.3823108309155774,0.3302508260114394,-0.149951508238308,0.47837537717170775,-0.5057949816251217
60.894604444503784,8467267,0.3169452672186467,0.38291198572883145,0.3310122887203392,-0.14906981482885556,0.4767722974270987,-0.50487321103722
61.00253915786743,8467229,0.3186685775314773,0.38158944514036586,0.3302909029960996,-0.1502320470504237,0.4767722974270987,-0.5046728261269355
61.108372926712036,8467192,0.3170654981705828,0.3821905999529896,0.32980997918031607,-0.1501919700772638,0.47729329834360834,-0.5044323642346549
61.21636390686035,8467153,0.3186285005474153,0.3794653648066254,0.3302508260114394,-0.1489095069362365,0.4757703725889771,-0.5053942118041751
61.32539391517639,8467113,0.3174662680105019,0.38078790539101676,0.33217452127748565,-0.14906981482885556,0.47793453024149624,-0.5053541348220906
61.43634915351868,8467072,0.3187487314996074,0.3818699840528583,0.3299702871188771,-0.1497511233725162,0.47813491520973245,-0.5044724412166971
61.543365716934204,8467039,0.3187487314996074,0.3826314468159141,0.33093213475094574,-0.14858889115100637,0.47601083454996806,-0.5065965212675685
61.654358863830566,8467006,0.3173059600745099,0.3803470585292717,0.33125275062856974,-0.14766712076852775,0.47709291337566445,-0.5053942118041751
61.7626166343689,8466971,0.31622388150741276,0.3819501380278771,0.3327756760491158,-0.1493102766677891,0.47845553115905515,-0.5047930570731007
61.87688732147217,8466937,0.3177468068985659,0.38227075392804577,0.33069167284281564,-0.1493102766677891,0.47733337533720543,-0.5037109785582097
61.9857063293457,8466902,0.3191895783244686,0.3830322166915453,0.33157336650632774,-0.14927019969463307,0.477052836382084,-0.5054342887862615
62.09044575691223,8466864,0.3180674227707609,0.3812287522530435,0.33129282761328216,-0.15011181613094451,0.47785437625422134,-0.5051136729296222
62.204585313797,8466821,0.31662465134690615,0.38291198572883145,0.3310122887203392,-0.15055266283570903,0.4767722974270987,-0.5048331340551595
62.304426431655884,8466788,0.3176666529305374,0.38158944514036586,0.3305313649041042,-0.14927019969463307,0.47693260540135934,-0.5057949816251217
62.417354345321655,8466758,0.31714565213855045,0.38086805936590973,0.333056214942705,-0.14914996877516604,0.47785437625422134,-0.5049934419834129
62.52642250061035,8466728,0.31714565213855045,0.38166959911535203,0.33089205776625213,-0.14935035364094526,0.4764917584722497,-0.506075520499894
62.63644456863403,8466697,0.3167849592827602,0.38191006104036657,0.33065159585813464,-0.14987135429199078,0.47757383729884667,-0.5057949816251217
62.748103618621826,8466669,0.3181074997547944,0.38375360246827084,0.32964967124178834,-0.14927019969463307,0.4766520664464325,-0.5048331340551595
62.85543704032898,8466641,0.3172258061065261,0.38243106187818615,0.3304912879194315,-0.14987135429199078,0.47601083454996806,-0.5062759054105012
62.965970277786255,8466609,0.3185483465792974,0.38199021501539004,0.33069167284281564,-0.14963089245304312,0.47805476122242957,-0.5051136729296222
63.07141304016113,8466579,0.316905190234672,0.38102836731572365,0.3301305950574716,-0.14943050758725807,0.478495608152733,-0.5044323642346549
63.17940950393677,8466546,0.3177868838825832,0.38174975309034753,0.32976990219568103,-0.14987135429199078,0.4774536063180136,-0.5046728261269355
63.287452697753906,8466513,0.3180674227707609,0.3823108309155774,0.3296897482264171,-0.14959081547988579,0.47757383729884667,-0.5057148276609176
63.3953332901001,8466481,0.3189891934040466,0.3830322166915453,0.3294492863186757,-0.149951508238308,0.4757703725889771,-0.5055144427504398
63.50967288017273,8466448,0.3177067299145507,0.3823108309155774,0.3302909029960996,-0.15127404835264172,0.4766520664464325,-0.5048331340551595
63.614397048950195,8466420,0.31698534420262336,0.38299213970397167,0.32972982521104804,-0.1498312773188324,0.4782952231843715,-0.5051938268937709
63.72045683860779,8466396,0.3170254211866021,0.3823108309155774,0.3307317498274988,-0.1495106615335716,0.47757383729884667,-0.5047129031089888
63.836740255355835,8466373,0.31670480531482914,0.3827917547661385,0.3310122887203392,-0.14906981482885556,0.4774536063180136,-0.50643621333902
63.94041180610657,8466351,0.31782696086660245,0.3813489832154633,0.3309722117356414,-0.14935035364094526,0.477413529324408,-0.5061957514462528
64.04834651947021,8466327,0.3180674227707609,0.38259136982836384,0.3294492863186757,-0.14999158521146685,0.47540967964767794,-0.5042720563065045
64.15933132171631,8466306,0.3160234965877419,0.38247113886572703,0.33133290459799664,-0.150312200996744,0.476451681478711,-0.5058751355893332
64.26261067390442,8466285,0.3165845743629477,0.3819501380278771,0.3303309799807617,-0.1493904306141016,0.47821506919704637,-0.5049132880192825
64.37233257293701,8466268,0.3186685775314773,0.38211044597794275,0.3303309799807617,-0.15047250888938665,0.47544975664114447,-0.5049934419834129
64.48138689994812,8466251,0.3158631886520417,0.381509291165389,0.3317737514299946,-0.14919004574832154,0.47841545416538,-0.5046728261269355
64.59282183647156,8466230,0.3181074997547944,0.38166959911535203,0.32964967124178834,-0.15059273980887047,0.476451681478711,-0.5040315944143341
64.69868183135986,8466212,0.3167849592827602,0.38215052296546503,0.3316535204757882,-0.14963089245304312,0.47589060356946006,-0.5051938268937709
64.80979180335999,8466195,0.318909039435892,0.3823108309155774,0.3294092093340594,-0.14882935298992797,0.47621121951753675,-0.5055545197325316
64.91282558441162,8466183,0.31726588309051695,0.38174975309034753,0.3301305950574716,-0.14927019969463307,0.477052836382084,-0.5044323642346549
65.02489709854126,8466166,0.31682503626672875,0.3828318317537005,0.332254675247009,-0.14963089245304312,0.47869599312116423,-0.5055545197325316
65.1284532546997,8466155,0.3194701172131449,0.3831123706666996,0.33125275062856974,-0.1489896608825457,0.4756100646150386,-0.5059152125714417
65.24069094657898,8466142,0.31670480531482914,0.38199021501539004,0.3300504410881702,-0.1508332016478428,0.4777742222669575,-0.5050735959475506
65.34444212913513,8466133,0.31742619102650077,0.38211044597794275,0.33121267364385937,-0.1492301227214772,0.47697268239493146,-0.5058350586072266
65.44909596443176,8466124,0.3163441124592395,0.38191006104036657,0.33125275062856974,-0.1495106615335716,0.47657191245933556,-0.5062358284283761
65.55723190307617,8466108,0.3156227267485521,0.3812287522530435,0.3321344442927271,-0.14927019969463307,0.476451681478711,-0.5048331340551595
65.67260646820068,8466090,0.3165845743629477,0.38162952212785783,0.3302107490267814,-0.149951508238308,0.47837537717170775,-0.504552595180787
65.77861475944519,8466072,0.31626395849135297,0.3812287522530435,0.3308519807815607,-0.14822819839263499,0.4768123744206597,-0.5058350586072266
65.88259220123291,8466058,0.3185483465792974,0.3822306769405165,0.33117259665915116,-0.14902973785570053,0.4757703725889771,-0.5051938268937709
65.99852132797241,8466046,0.3183479616590383,0.3821905999529896,0.33133290459799664,-0.14854881417785334,0.476131065530501,-0.5042319793244715
66.10341429710388,8466032,0.3167448822987936,0.3811085212906446,0.33001036410352264,-0.14999158521146685,0.4776940682797048,-0.5049132880192825
66.21259689331055,8466018,0.3163441124592395,0.38182990706535236,0.3300504410881702,-0.1489095069362365,0.476411604485175,-0.5046327491448842
66.31581330299377,8466002,0.3167448822987936,0.38239098489064755,0.3299302101342337,-0.14886942996308217,0.47669214343998517,-0.5048331340551595
66.4274218082428,8465987,0.3187487314996074,0.3827116007910216,0.32976990219568103,-0.1502320470504237,0.47520929468038653,-0.5051938268937709
66.5364191532135,8465972,0.31630403547529523,0.380948213340812,0.32932905536483315,-0.1489095069362365,0.477413529324408,-0.5065564442854287
66.6467490196228,8465956,0.3181876537228676,0.3828318317537005,0.33009051807281986,-0.14963089245304312,0.47540967964767794,-0.5058751355893332
66.7546980381012,8465943,0.3158631886520417,0.37878405602171383,0.32980997918031607,-0.14846866023154778,0.4776940682797048,-0.5048331340551595
66.86738729476929,8465937,0.31654449737899126,0.38002644262999746,0.3304111339500924,-0.14959081547988579,0.4772131443564224,-0.5045926721628347
66.97339963912964,8465930,0.3170654981705828,0.3826314468159141,0.33045121093476093,-0.14927019969463307,0.4774936833116218,-0.5053541348220906
67.08432531356812,8465920,0.31850826959524153,0.38255129284081596,0.331092442689741,-0.14810796747318078,0.47625129651105885,-0.5060354435177783
67.18954277038574,8465910,0.3172258061065261,0.3813890602029412,0.32989013314959237,-0.1507931246746803,0.4768524514142235,-0.5048331340551595
67.29968309402466,8465896,0.31738611404250183,0.3831925246418632,0.3302107490267814,-0.15107366348682139,0.47717306736283366,-0.5052339038758481
67.40436887741089,8465887,0.3158631886520417,0.381509291165389,0.33009051807281986,-0.1493102766677891,0.47761391429246325,-0.506075520499894
67.515784740448,8465880,0.31682503626672875,0.38170967610284867,0.3302107490267814,-0.14927019969463307,0.477052836382084,-0.5045125181987411
67.62666201591492,8465873,0.3177067299145507,0.38255129284081596,0.3302508260114394,-0.1489896608825457,0.47669214343998517,-0.5058350586072266
67.73159003257751,8465868,0.3175864989625171,0.3784233631358555,0.32960959425716163,-0.14862896812415957,0.4766520664464325,-0.5058350586072266
67.83937549591064,8465864,0.3174662680105019,0.38191006104036657,0.3294092093340594,-0.14987135429199078,0.47589060356946006,-0.5057549046430188
67.9478018283844,8465859,0.3157830346842037,0.3828719087412648,0.33169359746052157,-0.14878927601677397,0.4757302955954883,-0.5059552895535521
68.05962491035461,8465849,0.3177868838825832,0.3822306769405165,0.32948936330329404,-0.15043243191622574,0.47424744683835224,-0.5049132880192825
68.16354513168335,8465839,0.3181876537228676,0.38074782840357374,0.32912867044180394,-0.1480278135268788,0.4766119894528827,-0.5051537499116956
68.27496480941772,8465828,0.3166647283308666,0.3822306769405165,0.32960959425716163,-0.1483083523389386,0.47793453024149624,-0.5045125181987411
68.37938618659973,8465818,0.3171055751545656,0.3782630551866453,0.3288481315496506,-0.14794765958057743,0.477253221350014,-0.5054743657683497
68.49055767059326,8465816,0.3172258061065261,0.38046728949153785,0.3300504410881702,-0.14967096942620067,0.47853568514641365,-0.5047930570731007
68.59934568405151,8465812,0.31698534420262336,0.38054744346639363,0.3300504410881702,-0.14810796747318078,0.47701275938850635,-0.5062759054105012
68.71220636367798,8465808,0.3181074997547944,0.38299213970397167,0.33069167284281564,-0.150392354943065,0.4763715274916418,-0.5058751355893332
68.8173463344574,8465795,0.31782696086660245,0.38227075392804577,0.3292489013956152,-0.1501919700772638,0.47585052657596294,-0.5067568291961465
68.93062233924866,8465783,0.31826780769094887,0.38215052296546503,0.3302909029960996,-0.1493102766677891,0.477052836382084,-0.506075520499894
69.03435325622559,8465772,0.31842811562713585,0.3828719087412648,0.3302909029960996,-0.1492301227214772,0.47601083454996806,-0.5068369831604467
69.1456789970398,8465760,0.31734603705850484,0.38207036899042285,0.32876797758048265,-0.14963089245304312,0.4752894486672948,-0.506997291089069
69.25135326385498,8465755,0.3180273457867294,0.3813489832154633,0.32972982521104804,-0.15071297072835588,0.47532952566075304,-0.5039113634682737
69.36382102966309,8465749,0.3175063449945049,0.3823108309155774,0.330371056965426,-0.1508332016478428,0.4754898336346139,-0.5038312095042426
69.47159910202026,8465742,0.316905190234672,0.38002644262999746,0.3296897482264171,-0.14987135429199078,0.4753696026542141,-0.5037911325222297
69.57950687408447,8465738,0.3158631886520417,0.38291198572883145,0.33117259665915116,-0.14914996877516604,0.47813491520973245,-0.50487321103722
69.68332529067993,8465733,0.31742619102650077,0.38267152380346675,0.32964967124178834,-0.15047250888938665,0.4763715274916418,-0.5043922872526145
69.79151844978333,8465722,0.31618380452347455,0.3814692141779041,0.32976990219568103,-0.1489095069362365,0.4766119894528827,-0.5065163673032905
69.90141344070435,8465716,0.3173059600745099,0.38178983007784884,0.3304912879194315,-0.1482682753657867,0.4765318354657912,-0.5059552895535521
70.01273226737976,8465711,0.31726588309051695,0.3834730635550097,0.32985005616495316,-0.1497511233725162,0.47625129651105885,-0.5055545197325316
70.12172317504883,8465707,0.3178670378506238,0.38243106187818615,0.3299302101342337,-0.1501919700772638,0.4756100646150386,-0.5057949816251217
70.22836065292358,8465710,0.31850826959524153,0.3814291371904215,0.3305313649041042,-0.14834842931209063,0.47605091154347623,-0.5052739808579271
70.33832693099976,8465713,0.31626395849135297,0.38082798237846205,0.331132519674445,-0.14914996877516604,0.47472837075917,-0.5047129031089888
70.4483072757721,8465711,0.31782696086660245,0.3803871355166914,0.3295294402879145,-0.15007173915778513,0.475529910628086,-0.5046327491448842
70.5563657283783,8465709,0.3181876537228676,0.38191006104036657,0.32989013314959237,-0.1493904306141016,0.47597075755646256,-0.5051938268937709
70.66318440437317,8465704,0.3161036505556042,0.3812688292405144,0.33045121093476093,-0.150392354943065,0.4754898336346139,-0.5049934419834129
70.77432656288147,8465704,0.31662465134690615,0.3825112158532703,0.3304111339500924,-0.15047250888938665,0.476411604485175,-0.5060354435177783
70.89094495773315,8465699,0.3165044203950369,0.3812688292405144,0.3319340593689658,-0.14774727471482688,0.47805476122242957,-0.5052739808579271
70.99455499649048,8465696,0.3169452672186467,0.3812287522530435,0.32936913234944526,-0.14902973785570053,0.47625129651105885,-0.5039514404502919
71.10684752464294,8465692,0.31754642197851,0.38199021501539004,0.3288481315496506,-0.1501919700772638,0.47669214343998517,-0.5055545197325316
71.21048474311829,8465692,0.3165845743629477,0.3812688292405144,0.33069167284281564,-0.1495106615335716,0.47693260540135934,-0.5057148276609176
71.32358717918396,8465691,0.3163841894431858,0.38118867526557487,0.33069167284281564,-0.14886942996308217,0.47761391429246325,-0.5045926721628347
71.4293601512909,8465688,0.3181876537228676,0.38211044597794275,0.3304111339500924,-0.14914996877516604,0.4751291406934894,-0.5063961363568875
71.53424882888794,8465682,0.31574295770028776,0.38130890622798763,0.33125275062856974,-0.14814804444633203,0.47689252840779,-0.505634673696721
71.6435694694519,8465678,0.31594334261988777,0.38227075392804577,0.3303309799807617,-0.14730642801018962,0.47605091154347623,-0.5059552895535521
71.75558066368103,8465674,0.31682503626672875,0.38215052296546503,0.32980997918031607,-0.1492301227214772,0.47556998762156094,-0.506075520499894
71.86990451812744,8465673,0.31662465134690615,0.3785035171104744,0.33069167284281564,-0.14850873720470048,0.4753696026542141,-0.5049533650013468
71.97986650466919,8465673,0.3164643434110845,0.38178983007784884,0.331092442689741,-0.1489095069362365,0.477052836382084,-0.5062759054105012
72.08698916435242,8465674,0.31826780769094887,0.3825112158532703,0.32932905536483315,-0.14959081547988579,0.4756501416085191,-0.5039514404502919
72.19478869438171,8465670,0.3155425727807383,0.3825112158532703,0.3295294402879145,-0.14979120034567422,0.47897653207708496,-0.5048331340551595
72.29945158958435,8465667,0.31726588309051695,0.3818699840528583,0.32916874742640556,-0.15027212402358375,0.47593068056295995,-0.504352210270576
72.40738129615784,8465660,0.31822773070690724,0.3812688292405144,0.32976990219568103,-0.1499114312651493,0.476451681478711,-0.5053942118041751
72.519704580307,8465653,0.31718572912253723,0.38170967610284867,0.32989013314959237,-0.15123397137947728,0.4754898336346139,-0.5039113634682737
72.6253731250763,8465648,0.3163441124592395,0.38259136982836384,0.3302107490267814,-0.14886942996308217,0.47697268239493146,-0.5067167522139993
72.73663473129272,8465652,0.31670480531482914,0.3813489832154633,0.3299702871188771,-0.14894958390939103,0.47448790879871133,-0.5062759054105012
72.8417398929596,8465656,0.3169452672186467,0.38174975309034753,0.3302107490267814,-0.1501919700772638,0.475529910628086,-0.5055545197325316
72.95338559150696,8465654,0.3181876537228676,0.3831925246418632,0.3304912879194315,-0.1489896608825457,0.4756501416085191,-0.5063560593747569
73.0614538192749,8465652,0.31698534420262336,0.3806275974412587,0.32932905536483315,-0.14850873720470048,0.4756100646150386,-0.5062358284283761
73.17132377624512,8465645,0.3176666529305374,0.38207036899042285,0.3292489013956152,-0.14987135429199078,0.47540967964767794,-0.5052339038758481
73.28273272514343,8465639,0.3175063449945049,0.3811485982781086,0.32964967124178834,-0.151394279272136,0.47601083454996806,-0.5038712864862572
73.38628244400024,8465633,0.31594334261988777,0.38042721250411343,0.32964967124178834,-0.14806789050002972,0.4778944532478574,-0.5059953665356642
73.49448537826538,8465631,0.3169452672186467,0.3803871355166914,0.3304912879194315,-0.14858889115100637,0.47544975664114447,-0.5053140578400079
73.60946106910706,8465627,0.3171055751545656,0.38291198572883145,0.3305313649041042,-0.14955073850672862,0.47717306736283366,-0.5061155974820118
73.71907830238342,8465624,0.3166647283308666,0.380587520453825,0.33077182681218403,-0.14770719774167723,0.4768123744206597,-0.5063159823926281
73.82591652870178,8465618,0.3170254211866021,0.38307229367912127,0.33009051807281986,-0.1495106615335716,0.47605091154347623,-0.5057148276609176
73.93273949623108,8465613,0.3164242664271341,0.38235090790311127,0.3288481315496506,-0.14854881417785334,0.4774536063180136,-0.50487321103722
74.0436441898346,8465605,0.31534218786123935,0.3814291371904215,0.3295695172725371,-0.14910989180201073,0.47801468422878235,-0.5053541348220906
74.14937996864319,8465598,0.31794719181867254,0.38211044597794275,0.3301305950574716,-0.1492301227214772,0.47540967964767794,-0.5054342887862615
74.25834131240845,8465589,0.3159032656359637,0.38102836731572365,0.3294492863186757,-0.1501919700772638,0.47761391429246325,-0.5043121332885393
74.36844253540039,8465583,0.31782696086660245,0.3820302920029053,0.32989013314959237,-0.14967096942620067,0.4752894486672948,-0.5042319793244715
74.47232913970947,8465579,0.3175063449945049,0.3827116007910216,0.32920882441100935,-0.14906981482885556,0.4761711425240175,-0.5055945967146254
74.58272743225098,8465575,0.31754642197851,0.3814291371904215,0.32916874742640556,-0.1498312773188324,0.47556998762156094,-0.5041117483783836
74.6873893737793,8465568,0.3170254211866021,0.38054744346639363,0.32985005616495316,-0.1489896608825457,0.47581044958246865,-0.5067969061782956
74.79132127761841,8465563,0.316905190234672,0.38239098489064755,0.330371056965426,-0.14947058456041476,0.47697268239493146,-0.50487321103722
74.9043619632721,8465557,0.3175063449945049,0.38211044597794275,0.32960959425716163,-0.151153817433149,0.47532952566075304,-0.5055144427504398
75.0134346485138,8465551,0.31906934737220927,0.38215052296546503,0.33009051807281986,-0.14919004574832154,0.475089063700045,-0.5053942118041751
75.12572121620178,8465546,0.31630403547529523,0.38191006104036657,0.32936913234944526,-0.14850873720470048,0.4765318354657912,-0.5049132880192825
75.23341965675354,8465543,0.31594334261988777,0.381509291165389,0.3310122887203392,-0.14971104639935834,0.47905668606451607,-0.5050735959475506
75.34138894081116,8465541,0.31826780769094887,0.3831925246418632,0.32936913234944526,-0.14914996877516604,0.4748486017394367,-0.5052739808579271
75.45568346977234,8465539,0.3161036505556042,0.38215052296546503,0.3315332895216006,-0.1480278135268788,0.475529910628086,-0.505634673696721
75.56513381004333,8465539,0.3175063449945049,0.38191006104036657,0.32964967124178834,-0.151153817433149,0.4764917584722497,-0.5035506706301915
75.67034673690796,8465536,0.3156227267485521,0.38178983007784884,0.3300504410881702,-0.14874919904362013,0.475089063700045,-0.5055144427504398
75.77937960624695,8465533,0.31622388150741276,0.38010659660480206,0.32928897838022314,-0.14979120034567422,0.47709291337566445,-0.5071175220355554
75.8838357925415,8465528,0.31838803864308607,0.38275167777857894,0.32896836250341804,-0.14935035364094526,0.4748486017394367,-0.5069171371247542
75.9998505115509,8465525,0.31618380452347455,0.38066767442869476,0.32912867044180394,-0.14979120034567422,0.4788963780896651,-0.5041117483783836
76.10633158683777,8465529,0.31738611404250183,0.38275167777857894,0.32912867044180394,-0.1508332016478428,0.477413529324408,-0.5044724412166971
76.21462726593018,8465531,0.3163441124592395,0.3819501380278771,0.3299702871188771,-0.1511137404599851,0.4749688327197284,-0.5037911325222297
76.32145237922668,8465532,0.3158231116681217,0.38174975309034753,0.3302107490267814,-0.14902973785570053,0.47793453024149624,-0.5055945967146254
76.4294683933258,8465535,0.31850826959524153,0.38267152380346675,0.32960959425716163,-0.14862896812415957,0.476131065530501,-0.5060354435177783
76.53754758834839,8465536,0.3174662680105019,0.38255129284081596,0.3295695172725371,-0.15143435624530113,0.4762913735045837,-0.5046728261269355
76.64827609062195,8465532,0.3153822648451351,0.381509291165389,0.3288481315496506,-0.14959081547988579,0.4780948382160796,-0.5050735959475506
76.75432300567627,8465530,0.31726588309051695,0.3827917547661385,0.33009051807281986,-0.1492301227214772,0.4756100646150386,-0.5053140578400079
76.85949158668518,8465527,0.31686511325069944,0.38315244765428025,0.32980997918031607,-0.1509133555941683,0.4756100646150386,-0.5042319793244715
76.96901631355286,8465528,0.3170654981705828,0.3827917547661385,0.32972982521104804,-0.15059273980887047,0.4752493716738393,-0.5055945967146254
77.08069944381714,8465533,0.31686511325069944,0.3815493681528763,0.3295695172725371,-0.14906981482885556,0.47689252840779,-0.5060354435177783
77.19042611122131,8465534,0.3167849592827602,0.38255129284081596,0.3288481315496506,-0.14979120034567422,0.47733337533720543,-0.5058350586072266
77.30226993560791,8465531,0.31762657594652627,0.38291198572883145,0.32972982521104804,-0.15007173915778513,0.4766119894528827,-0.5062759054105012
77.41443657875061,8465525,0.31686511325069944,0.3814291371904215,0.3299702871188771,-0.1478274286611266,0.476411604485175,-0.5065564442854287
77.52564907073975,8465518,0.3165845743629477,0.379705826730872,0.32868782361132304,-0.1482682753657867,0.47601083454996806,-0.5051938268937709
77.63747930526733,8465514,0.3156227267485521,0.38227075392804577,0.330371056965426,-0.1493102766677891,0.47544975664114447,-0.5057549046430188
77.748459815979,8465510,0.3174662680105019,0.3802268275670264,0.32868782361132304,-0.14927019969463307,0.4757703725889771,-0.5039113634682737
77.85524129867554,8465506,0.31718572912253723,0.38162952212785783,0.3284874386884605,-0.1478274286611266,0.47589060356946006,-0.5059152125714417
77.95942711830139,8465504,0.316905190234672,0.38211044597794275,0.3299702871188771,-0.14866904509731294,0.4752493716738393,-0.5050335189654808
78.06711959838867,8465501,0.31670480531482914,0.38042721250411343,0.3290084394880114,-0.14979120034567422,0.4753696026542141,-0.5041919023424404
78.18180894851685,8465501,0.316905190234672,0.38307229367912127,0.331853905399476,-0.14906981482885556,0.47693260540135934,-0.5046728261269355
78.28638887405396,8465497,0.31822773070690724,0.38295206271640037,0.32932905536483315,-0.14894958390939103,0.47625129651105885,-0.5061957514462528
78.39743185043335,8465490,0.31682503626672875,0.3812287522530435,0.3299702871188771,-0.14778735168797666,0.47717306736283366,-0.5059552895535521
78.50693082809448,8465482,0.31514180294179084,0.3815493681528763,0.33009051807281986,-0.14955073850672862,0.47717306736283366,-0.5055545197325316
78.61519575119019,8465479,0.31534218786123935,0.38291198572883145,0.33017067204212547,-0.14947058456041476,0.4774936833116218,-0.50487321103722
78.72469782829285,8465480,0.3163841894431858,0.3812688292405144,0.3295695172725371,-0.1495106615335716,0.47709291337566445,-0.5055545197325316
78.82959699630737,8465481,0.31686511325069944,0.38215052296546503,0.3295695172725371,-0.1498312773188324,0.4774936833116218,-0.5055545197325316
78.94187235832214,8465479,0.31734603705850484,0.38006651961739857,0.3300504410881702,-0.14963089245304312,0.4751291406934894,-0.5051938268937709
79.04847550392151,8465471,0.31734603705850484,0.38215052296546503,0.3302107490267814,-0.14846866023154778,0.4763314504981114,-0.506075520499894
79.15841722488403,8465466,0.31826780769094887,0.3830322166915453,0.32916874742640556,-0.15011181613094451,0.4757703725889771,-0.5055545197325316
79.26829266548157,8465459,0.3177468068985659,0.3823108309155774,0.3289282855188268,-0.14963089245304312,0.475089063700045,-0.5055144427504398
79.3767499923706,8465456,0.3167849592827602,0.38130890622798763,0.3299702871188771,-0.14866904509731294,0.47589060356946006,-0.5049934419834129
79.48503637313843,8465455,0.31714565213855045,0.38339290957981326,0.3308119037968713,-0.15015189310410407,0.4767722974270987,-0.5053942118041751
79.59043908119202,8465455,0.31630403547529523,0.38259136982836384,0.3308519807815607,-0.14947058456041476,0.4744478318053112,-0.5066365982497102
79.70080876350403,8465457,0.31670480531482914,0.3821905999529896,0.32932905536483315,-0.14959081547988579,0.4756100646150386,-0.5041919023424404
79.81365156173706,8465454,0.315021571990146,0.3827917547661385,0.33065159585813464,-0.1495106615335716,0.4774936833116218,-0.5052339038758481
79.9223620891571,8465448,0.3161036505556042,0.38002644262999746,0.32928897838022314,-0.14850873720470048,0.4764917584722497,-0.5052739808579271
80.02847385406494,8465440,0.31662465134690615,0.3822306769405165,0.3285275156730288,-0.15055266283570903,0.47793453024149624,-0.5056747506788184
80.13936424255371,8465431,0.3165044203950369,0.38170967610284867,0.3296897482264171,-0.14971104639935834,0.47729329834360834,-0.5057949816251217
80.24734616279602,8465425,0.31654449737899126,0.3823108309155774,0.32980997918031607,-0.14943050758725807,0.4760909885369872,-0.5069171371247542
80.35870718955994,8465421,0.3160635735716721,0.3826314468159141,0.32920882441100935,-0.15067289375519388,0.4753696026542141,-0.5047529800910439
80.46246790885925,8465417,0.31626395849135297,0.3828719087412648,0.3306115188734557,-0.14987135429199078,0.4764917584722497,-0.5062759054105012
80.57393741607666,8465416,0.3167448822987936,0.38235090790311127,0.3294092093340594,-0.1483885062852429,0.47516921768693665,-0.5053140578400079
80.6818208694458,8465411,0.31798726880269995,0.3830322166915453,0.32932905536483315,-0.1501919700772638,0.47428752383173856,-0.5042720563065045
80.78646469116211,8465404,0.3173059600745099,0.38158944514036586,0.3292489013956152,-0.15087327862100547,0.47544975664114447,-0.5059953665356642
80.89546132087708,8465397,0.31594334261988777,0.3819501380278771,0.3304111339500924,-0.14878927601677397,0.4750089097131645,-0.5058350586072266
80.99786472320557,8465388,0.31614372753953834,0.3794252878192591,0.32932905536483315,-0.1482682753657867,0.47657191245933556,-0.5064762903211544
81.10881185531616,8465382,0.315021571990146,0.38066767442869476,0.3303309799807617,-0.14806789050002972,0.4772131443564224,-0.5057148276609176
81.22330117225647,8465379,0.3165845743629477,0.381509291165389,0.3295695172725371,-0.14862896812415957,0.4772131443564224,-0.5053140578400079
81.33493399620056,8465374,0.31718572912253723,0.38178983007784884,0.3294092093340594,-0.14894958390939103,0.47516921768693665,-0.506075520499894
81.43851256370544,8465370,0.3166647283308666,0.3813489832154633,0.3294092093340594,-0.15099350954049448,0.47597075755646256,-0.5044724412166971
81.54743456840515,8465366,0.3156227267485521,0.3803871355166914,0.33045121093476093,-0.14818812141948343,0.4752894486672948,-0.5063560593747569
81.65542364120483,8465362,0.31618380452347455,0.37950544179399404,0.3302508260114394,-0.14842858325839522,0.4757302955954883,-0.5057949816251217
81.76251101493835,8465354,0.3179071148346472,0.38199021501539004,0.3284473617038942,-0.14979120034567422,0.475529910628086,-0.5057949816251217
81.86861681938171,8465347,0.3176666529305374,0.38255129284081596,0.33001036410352264,-0.14999158521146685,0.4761711425240175,-0.5057949816251217
81.98395800590515,8465343,0.31734603705850484,0.3792649798698171,0.32976990219568103,-0.14943050758725807,0.4749688327197284,-0.5059152125714417
82.08768057823181,8465344,0.31794719181867254,0.38255129284081596,0.32985005616495316,-0.1509133555941683,0.4746882937657532,-0.5047129031089888
82.1973569393158,8465343,0.31686511325069944,0.3822306769405165,0.32936913234944526,-0.14858889115100637,0.4756501416085191,-0.5056747506788184
82.30205917358398,8465343,0.31654449737899126,0.38054744346639363,0.3302508260114394,-0.14894958390939103,0.4757302955954883,-0.5039514404502919
82.41650724411011,8465341,0.31630403547529523,0.38090813635335974,0.3294492863186757,-0.14894958390939103,0.47593068056295995,-0.5063560593747569
82.52343463897705,8465336,0.31698534420262336,0.38166959911535203,0.3285275156730288,-0.15107366348682139,0.4762913735045837,-0.5052339038758481
82.63513779640198,8465333,0.31682503626672875,0.38267152380346675,0.32916874742640556,-0.14846866023154778,0.47556998762156094,-0.5047930570731007
82.73534488677979,8465328,0.3175864989625171,0.380948213340812,0.3294492863186757,-0.1495106615335716,0.47452798579211414,-0.5050335189654808
82.84448146820068,8465327,0.31630403547529523,0.38086805936590973,0.32960959425716163,-0.14963089245304312,0.4767722974270987,-0.5042319793244715
82.95977115631104,8465330,0.31686511325069944,0.3831123706666996,0.3299302101342337,-0.15047250888938665,0.4751291406934894,-0.5055545197325316
83.06342601776123,8465330,0.31630403547529523,0.38291198572883145,0.32985005616495316,-0.1516347411111294,0.4752894486672948,-0.5055545197325316
83.1733627319336,8465331,0.3158231116681217,0.3823108309155774,0.3299702871188771,-0.14910989180201073,0.4766520664464325,-0.5062759054105012
83.28356671333313,8465334,0.31698534420262336,0.38247113886572703,0.32916874742640556,-0.1511137404599851,0.4765318354657912,-0.50487321103722
83.38941311836243,8465331,0.3167849592827602,0.3819501380278771,0.3292489013956152,-0.1493904306141016,0.4740871388648349,-0.5054342887862615
83.49659752845764,8465323,0.3160234965877419,0.38199021501539004,0.32932905536483315,-0.14935035364094526,0.47516921768693665,-0.5052339038758481
83.60642552375793,8465317,0.31654449737899126,0.38090813635335974,0.3290084394880114,-0.14866904509731294,0.47601083454996806,-0.5051938268937709
83.71457004547119,8465320,0.31718572912253723,0.3813890602029412,0.3295695172725371,-0.14818812141948343,0.4751291406934894,-0.5057549046430188
83.82459735870361,8465324,0.31850826959524153,0.38130890622798763,0.3299302101342337,-0.15011181613094451,0.47520929468038653,-0.5055945967146254
83.9294605255127,8465326,0.3164242664271341,0.38215052296546503,0.32908859345720437,-0.15107366348682139,0.4765318354657912,-0.5049533650013468
84.03853225708008,8465325,0.3165044203950369,0.3820302920029053,0.3308119037968713,-0.14874919904362013,0.47593068056295995,-0.5064762903211544
84.14636063575745,8465322,0.3158631886520417,0.3813890602029412,0.32989013314959237,-0.14894958390939103,0.47544975664114447,-0.5063560593747569
84.2578432559967,8465318,0.3171055751545656,0.3809882903282667,0.32876797758048265,-0.149951508238308,0.4756501416085191,-0.5041919023424404
84.36241316795349,8465314,0.31798726880269995,0.3813489832154633,0.3299702871188771,-0.14874919904362013,0.4745680627855197,-0.5059552895535521
84.47146201133728,8465312,0.31654449737899126,0.3789443639710445,0.3287279005959018,-0.14854881417785334,0.4747684477525895,-0.5047529800910439
84.57939577102661,8465307,0.31662465134690615,0.3823108309155774,0.3302508260114394,-0.1498312773188324,0.47601083454996806,-0.5055945967146254
84.69187116622925,8465308,0.3157830346842037,0.3812688292405144,0.32920882441100935,-0.1459838878963914,0.4761711425240175,-0.505634673696721
84.7955060005188,8465311,0.31498149500626843,0.3813489832154633,0.3300504410881702,-0.14866904509731294,0.47717306736283366,-0.5069572141069106
84.90371012687683,8465312,0.3155024957968345,0.38259136982836384,0.32964967124178834,-0.14882935298992797,0.4748886787328645,-0.5052339038758481
85.00968837738037,8465313,0.3165845743629477,0.3821905999529896,0.32908859345720437,-0.1489095069362365,0.47729329834360834,-0.5053140578400079
85.1204092502594,8465313,0.31670480531482914,0.38118867526557487,0.3284874386884605,-0.14814804444633203,0.47841545416538,-0.5043922872526145
85.23219394683838,8465314,0.31618380452347455,0.38207036899042285,0.32876797758048265,-0.14935035364094526,0.4756902186020022,-0.5053541348220906
85.33651494979858,8465318,0.3173059600745099,0.3830322166915453,0.3305714418887789,-0.14947058456041476,0.47593068056295995,-0.5049934419834129
85.44884610176086,8465325,0.3163441124592395,0.38247113886572703,0.32985005616495316,-0.15047250888938665,0.47585052657596294,-0.5063560593747569
85.55756187438965,8465332,0.3183479616590383,0.38199021501539004,0.33017067204212547,-0.14846866023154778,0.47540967964767794,-0.5065163673032905
85.66341757774353,8465335,0.3163841894431858,0.38118867526557487,0.32920882441100935,-0.14762704379537844,0.47589060356946006,-0.5071575990177211
85.77399921417236,8465339,0.3165845743629477,0.3818699840528583,0.32920882441100935,-0.1489896608825457,0.4746882937657532,-0.5054342887862615
85.87445092201233,8465341,0.31594334261988777,0.3820302920029053,0.3314531355521528,-0.14834842931209063,0.4756902186020022,-0.5061556744641313
85.98975157737732,8465340,0.31594334261988777,0.38170967610284867,0.3302508260114394,-0.14910989180201073,0.4756501416085191,-0.506075520499894
86.09778046607971,8465339,0.31566280373246197,0.37886420999637455,0.32876797758048265,-0.14722627406389402,0.4767722974270987,-0.5057148276609176
86.20121335983276,8465342,0.3155024957968345,0.3815493681528763,0.33069167284281564,-0.1480278135268788,0.4753696026542141,-0.5057949816251217
86.30863308906555,8465345,0.3155826497646442,0.3812688292405144,0.3302107490267814,-0.14770719774167723,0.47368636893123517,-0.5061155974820118
86.42797064781189,8465353,0.3159834196038138,0.3831123706666996,0.32912867044180394,-0.1489896608825457,0.47593068056295995,-0.505634673696721
86.54088973999023,8465358,0.3165044203950369,0.3815493681528763,0.32989013314959237,-0.14882935298992797,0.4752493716738393,-0.5057949816251217
86.64435958862305,8465360,0.3158631886520417,0.38211044597794275,0.33089205776625213,-0.14943050758725807,0.475089063700045,-0.5057148276609176
86.7555181980133,8465361,0.31618380452347455,0.38066767442869476,0.32896836250341804,-0.1478274286611266,0.4767722974270987,-0.5062358284283761
86.86818647384644,8465361,0.31714565213855045,0.3819501380278771,0.32989013314959237,-0.14894958390939103,0.4761711425240175,-0.5052739808579271
86.97511720657349,8465360,0.3163441124592395,0.37990621166780797,0.3288481315496506,-0.14846866023154778,0.47669214343998517,-0.5058751355893332
87.08406209945679,8465361,0.3155024957968345,0.3826314468159141,0.330371056965426,-0.1492301227214772,0.4765318354657912,-0.5054342887862615
87.19336318969727,8465363,0.3163441124592395,0.3828719087412648,0.33001036410352264,-0.15047250888938665,0.4754898336346139,-0.5059152125714417
87.29791569709778,8465367,0.3157830346842037,0.38106844430318293,0.32964967124178834,-0.1493904306141016,0.4766119894528827,-0.5065965212675685
87.40090155601501,8465368,0.31762657594652627,0.38215052296546503,0.33017067204212547,-0.14927019969463307,0.47428752383173856,-0.5054342887862615
87.51083445549011,8465367,0.3164643434110845,0.38174975309034753,0.32960959425716163,-0.14810796747318078,0.4752493716738393,-0.5063560593747569
87.62234354019165,8465363,0.3153822648451351,0.3827116007910216,0.32916874742640556,-0.14894958390939103,0.4772131443564224,-0.5053541348220906
87.73502445220947,8465358,0.3172258061065261,0.38239098489064755,0.32972982521104804,-0.14862896812415957,0.47368636893123517,-0.5065965212675685
87.84183287620544,8465356,0.3170254211866021,0.38255129284081596,0.3294492863186757,-0.1482682753657867,0.47593068056295995,-0.5056747506788184
87.94871783256531,8465355,0.3169452672186467,0.3827116007910216,0.32928897838022314,-0.15011181613094451,0.47492875572629506,-0.5055945967146254
88.05153036117554,8465357,0.31618380452347455,0.3818699840528583,0.3299302101342337,-0.14886942996308217,0.47593068056295995,-0.5069572141069106
88.16396045684814,8465358,0.3167448822987936,0.38166959911535203,0.3276057450284831,-0.14935035364094526,0.475529910628086,-0.504151825360411
88.27371716499329,8465358,0.3153822648451351,0.3811085212906446,0.3299702871188771,-0.14959081547988579,0.47605091154347623,-0.5052739808579271
88.38282370567322,8465352,0.31670480531482914,0.38207036899042285,0.32932905536483315,-0.14902973785570053,0.475089063700045,-0.5055545197325316
88.49184846878052,8465348,0.3149013410385193,0.38162952212785783,0.3302107490267814,-0.14874919904362013,0.477052836382084,-0.5057949816251217
88.60056734085083,8465348,0.31518187992567653,0.3822306769405165,0.3306115188734557,-0.14822819839263499,0.4760909885369872,-0.5061155974820118
88.70458149909973,8465346,0.3169452672186467,0.3827917547661385,0.3295294402879145,-0.1500316621846259,0.47436767781851935,-0.5065965212675685
88.81246614456177,8465350,0.3167849592827602,0.38090813635335974,0.3307317498274988,-0.14762704379537844,0.4748085247460117,-0.5062759054105012
88.9189682006836,8465352,0.3153021108773456,0.38070775141613306,0.32985005616495316,-0.14818812141948343,0.47605091154347623,-0.5061556744641313
89.032550573349,8465351,0.31670480531482914,0.38174975309034753,0.32972982521104804,-0.147907582607427,0.47593068056295995,-0.5067167522139993
89.1394248008728,8465346,0.3166647283308666,0.3834329865674103,0.3303309799807617,-0.15055266283570903,0.4749688327197284,-0.5055144427504398
89.2527825832367,8465341,0.3161036505556042,0.38215052296546503,0.3304912879194315,-0.14786750563427672,0.475529910628086,-0.5063560593747569
89.35643649101257,8465339,0.31798726880269995,0.3814291371904215,0.32960959425716163,-0.15007173915778513,0.475529910628086,-0.506075520499894
89.46704292297363,8465337,0.3164643434110845,0.38211044597794275,0.32876797758048265,-0.14919004574832154,0.476451681478711,-0.5055545197325316
89.57578682899475,8465340,0.31654449737899126,0.380948213340812,0.32976990219568103,-0.14822819839263499,0.4756100646150386,-0.5051136729296222
89.68159198760986,8465343,0.31618380452347455,0.38247113886572703,0.32976990219568103,-0.14878927601677397,0.47452798579211414,-0.5057949816251217
89.79042673110962,8465346,0.31682503626672875,0.3812688292405144,0.3287279005959018,-0.14886942996308217,0.4748886787328645,-0.50643621333902
89.89307308197021,8465349,0.31718572912253723,0.3814291371904215,0.3284874386884605,-0.14910989180201073,0.4756902186020022,-0.5066365982497102
90.00974130630493,8465347,0.3171055751545656,0.3813489832154633,0.3299702871188771,-0.1482682753657867,0.4753696026542141,-0.506075520499894
90.11247873306274,8465344,0.31698534420262336,0.38102836731572365,0.3292489013956152,-0.14822819839263499,0.4750489867066034,-0.5066766752318538
90.22453546524048,8465345,0.3152219569095642,0.38199021501539004,0.3300504410881702,-0.14886942996308217,0.47657191245933556,-0.5053942118041751
90.3329131603241,8465345,0.3167448822987936,0.38267152380346675,0.3294092093340594,-0.1489896608825457,0.47593068056295995,-0.5055545197325316
90.43755006790161,8465344,0.3164242664271341,0.3813890602029412,0.32904851647260686,-0.14943050758725807,0.47761391429246325,-0.50487321103722
90.54150557518005,8465343,0.3175864989625171,0.380948213340812,0.32896836250341804,-0.1480278135268788,0.47669214343998517,-0.5075583688394808
90.65258431434631,8465342,0.316905190234672,0.38078790539101676,0.3292489013956152,-0.1483885062852429,0.477052836382084,-0.5057148276609176
90.76708269119263,8465341,0.31626395849135297,0.38182990706535236,0.3295695172725371,-0.14963089245304312,0.4751291406934894,-0.5051537499116956
90.87048244476318,8465339,0.31682503626672875,0.38130890622798763,0.32972982521104804,-0.14814804444633203,0.47428752383173856,-0.50487321103722
90.97747826576233,8465337,0.31734603705850484,0.37998636564259863,0.3282469767810941,-0.14927019969463307,0.4753696026542141,-0.5050335189654808
91.08749294281006,8465335,0.3165845743629477,0.3827917547661385,0.32948936330329404,-0.15007173915778513,0.4752894486672948,-0.5057549046430188
91.19962882995605,8465335,0.3159834196038138,0.38158944514036586,0.3281668228119886,-0.14987135429199078,0.476451681478711,-0.50487321103722
91.30937361717224,8465336,0.31698534420262336,0.38267152380346675,0.3286477466267464,-0.15087327862100547,0.4762913735045837,-0.5057949816251217
91.41015672683716,8465338,0.3164643434110845,0.3812287522530435,0.32936913234944526,-0.1501919700772638,0.47589060356946006,-0.5049934419834129
91.52010703086853,8465338,0.31422003231297757,0.380948213340812,0.3316535204757882,-0.14862896812415957,0.4757302955954883,-0.5063159823926281
91.63649988174438,8465339,0.31546241881293263,0.3811485982781086,0.330371056965426,-0.1489095069362365,0.47693260540135934,-0.5046327491448842
91.74250221252441,8465335,0.31698534420262336,0.380587520453825,0.3290084394880114,-0.14894958390939103,0.4756501416085191,-0.5049934419834129
91.84956288337708,8465331,0.31662465134690615,0.381509291165389,0.32948936330329404,-0.14927019969463307,0.4765318354657912,-0.5051938268937709
91.96095538139343,8465329,0.31618380452347455,0.38130890622798763,0.32985005616495316,-0.14878927601677397,0.4763715274916418,-0.5058751355893332
92.065913438797,8465331,0.31630403547529523,0.38106844430318293,0.3289282855188268,-0.1493102766677891,0.4767322204335406,-0.5065564442854287
92.17243766784668,8465330,0.3170254211866021,0.381509291165389,0.3278061299511169,-0.1506328167820321,0.4779746072351379,-0.5051938268937709
92.28640580177307,8465330,0.3165044203950369,0.38235090790311127,0.3288481315496506,-0.15015189310410407,0.4746882937657532,-0.5042319793244715
92.39444088935852,8465334,0.31570288071637387,0.3812688292405144,0.32904851647260686,-0.14878927601677397,0.47593068056295995,-0.505634673696721
92.49819231033325,8465333,0.3167849592827602,0.3812688292405144,0.3292489013956152,-0.14882935298992797,0.475089063700045,-0.5057949816251217
92.61601066589355,8465332,0.3160234965877419,0.3803871355166914,0.32868782361132304,-0.14886942996308217,0.4757703725889771,-0.5049533650013468
92.72585105895996,8465327,0.3176666529305374,0.38191006104036657,0.33009051807281986,-0.14862896812415957,0.47428752383173856,-0.5059152125714417
92.82851266860962,8465324,0.3173059600745099,0.38207036899042285,0.32820689979654033,-0.1495106615335716,0.4766119894528827,-0.5063961363568875
92.93484568595886,8465322,0.3159834196038138,0.3814291371904215,0.330371056965426,-0.14794765958057743,0.4738065999112861,-0.5068369831604467
93.0454843044281,8465320,0.31594334261988777,0.3828719087412648,0.3288882085342376,-0.14919004574832154,0.4763314504981114,-0.5052339038758481
93.1607084274292,8465320,0.31742619102650077,0.3826314468159141,0.32948936330329404,-0.14914996877516604,0.47448790879871133,-0.5068770601425995
93.26969504356384,8465319,0.3156227267485521,0.38191006104036657,0.3299702871188771,-0.14967096942620067,0.476411604485175,-0.5055144427504398
93.37442111968994,8465314,0.3155024957968345,0.381509291165389,0.327766052966586,-0.14726635103704172,0.47556998762156094,-0.5062759054105012
93.48370599746704,8465307,0.31698534420262336,0.38002644262999746,0.3294092093340594,-0.14786750563427672,0.47585052657596294,-0.5071175220355554
93.58763027191162,8465306,0.3170654981705828,0.38054744346639363,0.3284473617038942,-0.14878927601677397,0.47472837075917,-0.5061957514462528
93.70593214035034,8465309,0.31742619102650077,0.38042721250411343,0.32904851647260686,-0.14878927601677397,0.47532952566075304,-0.5053942118041751
93.8145751953125,8465314,0.3158231116681217,0.38211044597794275,0.32880805456506557,-0.14822819839263499,0.4766520664464325,-0.5060354435177783
93.918692111969,8465317,0.31574295770028776,0.3813489832154633,0.3288882085342376,-0.14894958390939103,0.47729329834360834,-0.5055144427504398
94.02839183807373,8465321,0.3161036505556042,0.38106844430318293,0.3285275156730288,-0.1493904306141016,0.4756100646150386,-0.5052339038758481
94.13642239570618,8465328,0.31630403547529523,0.38299213970397167,0.3300504410881702,-0.14866904509731294,0.47605091154347623,-0.506997291089069
94.24462151527405,8465329,0.3177868838825832,0.38291198572883145,0.32880805456506557,-0.14919004574832154,0.4747684477525895,-0.5062358284283761
94.34965515136719,8465327,0.3167448822987936,0.38191006104036657,0.32908859345720437,-0.14774727471482688,0.4757703725889771,-0.5068770601425995
94.45952105522156,8465328,0.3165845743629477,0.3809882903282667,0.3285275156730288,-0.1493102766677891,0.4757703725889771,-0.5063961363568875
94.57351183891296,8465331,0.31614372753953834,0.3809882903282667,0.328327130750208,-0.150392354943065,0.47556998762156094,-0.5038312095042426
94.6821870803833,8465334,0.3165044203950369,0.38215052296546503,0.3285275156730288,-0.1508332016478428,0.47416729285158804,-0.5049533650013468
94.79051232337952,8465340,0.31782696086660245,0.38267152380346675,0.32836720773476796,-0.1492301227214772,0.4748085247460117,-0.506075520499894
94.89841294288635,8465340,0.3146608791353204,0.3819501380278771,0.32908859345720437,-0.1493102766677891,0.4764917584722497,-0.50487321103722
95.01373314857483,8465340,0.31546241881293263,0.3814291371904215,0.3296897482264171,-0.14874919904362013,0.476131065530501,-0.5061556744641313
95.11606359481812,8465337,0.3156227267485521,0.3821905999529896,0.32840728471933006,-0.1495106615335716,0.47621121951753675,-0.5051537499116956
95.2276062965393,8465333,0.31486126405464776,0.3815493681528763,0.3294492863186757,-0.14882935298992797,0.4750089097131645,-0.5052739808579271
95.34032440185547,8465335,0.31594334261988777,0.3826314468159141,0.3305714418887789,-0.1495106615335716,0.47532952566075304,-0.5052739808579271
95.44267535209656,8465338,0.31486126405464776,0.38178983007784884,0.32928897838022314,-0.14943050758725807,0.47597075755646256,-0.5053541348220906
95.55434274673462,8465337,0.3156227267485521,0.3822306769405165,0.33001036410352264,-0.1483083523389386,0.4762913735045837,-0.5068770601425995
95.66638731956482,8465333,0.31682503626672875,0.38178983007784884,0.3284874386884605,-0.14870912207046644,0.47837537717170775,-0.5058751355893332
95.77534103393555,8465333,0.3169452672186467,0.3789844409583829,0.3284874386884605,-0.1483083523389386,0.4752894486672948,-0.5063560593747569
95.8808343410492,8465333,0.316905190234672,0.3814692141779041,0.32980997918031607,-0.14850873720470048,0.47472837075917,-0.5059953665356642
95.99800395965576,8465325,0.3165845743629477,0.380948213340812,0.32828705376565,-0.14854881417785334,0.47729329834360834,-0.5065564442854287
96.10249614715576,8465319,0.3180273457867294,0.3815493681528763,0.32936913234944526,-0.1492301227214772,0.47452798579211414,-0.5053140578400079
96.21381306648254,8465314,0.31574295770028776,0.3815493681528763,0.3302508260114394,-0.1483083523389386,0.4754898336346139,-0.5065564442854287
96.3174135684967,8465312,0.3144604942160434,0.38207036899042285,0.3295695172725371,-0.14943050758725807,0.477052836382084,-0.5053942118041751
96.42197275161743,8465314,0.3170654981705828,0.38235090790311127,0.32868782361132304,-0.1499114312651493,0.47492875572629506,-0.5051938268937709
96.53348541259766,8465313,0.3160234965877419,0.38255129284081596,0.3308519807815607,-0.15103358651365786,0.47544975664114447,-0.5054342887862615
96.6434440612793,8465311,0.3167448822987936,0.3820302920029053,0.3289282855188268,-0.14935035364094526,0.47697268239493146,-0.50643621333902
96.75377011299133,8465308,0.3159834196038138,0.38010659660480206,0.32820689979654033,-0.14919004574832154,0.476411604485175,-0.5050735959475506
96.87186098098755,8465305,0.31626395849135297,0.3830322166915453,0.3290084394880114,-0.1483885062852429,0.4754898336346139,-0.5075182918572965
96.97025394439697,8465306,0.31714565213855045,0.3801466735922079,0.32840728471933006,-0.14818812141948343,0.4754898336346139,-0.5056747506788184
97.08181142807007,8465308,0.31498149500626843,0.38191006104036657,0.32989013314959237,-0.14870912207046644,0.4756100646150386,-0.5070373680712293
97.19920587539673,8465310,0.3167448822987936,0.38295206271640037,0.32912867044180394,-0.14967096942620067,0.47376652291793303,-0.5055945967146254
97.30194449424744,8465307,0.31902927038812695,0.3822306769405165,0.32772597598205716,-0.14971104639935834,0.4744077548119139,-0.50487321103722
97.41833901405334,8465307,0.31726588309051695,0.38002644262999746,0.3284874386884605,-0.1489095069362365,0.47516921768693665,-0.50487321103722
97.52343034744263,8465308,0.31630403547529523,0.3822306769405165,0.32964967124178834,-0.14878927601677397,0.47464821677233937,-0.5063560593747569
97.62672233581543,8465305,0.31718572912253723,0.3827116007910216,0.327766052966586,-0.14967096942620067,0.47400698487809284,-0.50643621333902
97.73841595649719,8465299,0.3170654981705828,0.38259136982836384,0.32932905536483315,-0.14967096942620067,0.47585052657596294,-0.5062358284283761
97.84659576416016,8465293,0.31734603705850484,0.38235090790311127,0.32856759265759927,-0.14919004574832154,0.47585052657596294,-0.5065965212675685
97.95833492279053,8465293,0.3175063449945049,0.38255129284081596,0.32904851647260686,-0.14886942996308217,0.4735661379512092,-0.5063961363568875
98.06333637237549,8465295,0.3164242664271341,0.38046728949153785,0.32964967124178834,-0.14886942996308217,0.4748886787328645,-0.5060354435177783
98.17242932319641,8465296,0.31594334261988777,0.3822306769405165,0.32980997918031607,-0.14882935298992797,0.4765318354657912,-0.5054342887862615
98.28413105010986,8465298,0.3147410331030453,0.38215052296546503,0.3302508260114394,-0.14874919904362013,0.4761711425240175,-0.5055144427504398
98.39393591880798,8465296,0.31574295770028776,0.38199021501539004,0.32912867044180394,-0.14810796747318078,0.4771329903692476,-0.5069171371247542
98.50273156166077,8465292,0.3164242664271341,0.38259136982836384,0.3294492863186757,-0.14902973785570053,0.47689252840779,-0.5049132880192825
98.61077070236206,8465291,0.3177468068985659,0.3814692141779041,0.3294492863186757,-0.1501919700772638,0.47520929468038653,-0.5057949816251217
98.71740341186523,8465292,0.31534218786123935,0.38211044597794275,0.32840728471933006,-0.15007173915778513,0.47589060356946006,-0.5049132880192825
98.82562112808228,8465292,0.3160234965877419,0.38174975309034753,0.3292489013956152,-0.14878927601677397,0.47472837075917,-0.5053541348220906
98.9380669593811,8465289,0.3139795704099842,0.380948213340812,0.32976990219568103,-0.14870912207046644,0.477814299260588,-0.50487321103722
99.04736804962158,8465286,0.3163841894431858,0.3809882903282667,0.3282469767810941,-0.14810796747318078,0.47585052657596294,-0.5050735959475506
99.15627431869507,8465287,0.3167448822987936,0.38207036899042285,0.32964967124178834,-0.1501919700772638,0.47544975664114447,-0.5061556744641313
99.2603189945221,8465287,0.3155425727807383,0.3809882903282667,0.32908859345720437,-0.1469457352518643,0.475529910628086,-0.506997291089069
99.3706202507019,8465282,0.31630403547529523,0.38239098489064755,0.3280065148738026,-0.14834842931209063,0.4778944532478574,-0.5053942118041751
99.4833664894104,8465276,0.3172258061065261,0.38211044597794275,0.3292489013956152,-0.14878927601677397,0.4752894486672948,-0.5055945967146254
99.58943796157837,8465277,0.3175063449945049,0.3822306769405165,0.32808666884289145,-0.14955073850672862,0.4782551461907075,-0.50487321103722
99.69377160072327,8465282,0.3155425727807383,0.38227075392804577,0.32936913234944526,-0.1508332016478428,0.4766520664464325,-0.5047529800910439
99.80534887313843,8465288,0.3164242664271341,0.3803470585292717,0.32920882441100935,-0.14814804444633203,0.4761711425240175,-0.5065163673032905
99.91258955001831,8465291,0.3173059600745099,0.38162952212785783,0.32740536010590127,-0.14927019969463307,0.4762913735045837,-0.5053140578400079
100.01975226402283,8465292,0.3160635735716721,0.38158944514036586,0.32916874742640556,-0.1503522779699044,0.47516921768693665,-0.5041919023424404
100.13048934936523,8465291,0.3146608791353204,0.3818699840528583,0.3302107490267814,-0.1478274286611266,0.47581044958246865,-0.5065965212675685
100.24293541908264,8465287,0.3174662680105019,0.38158944514036586,0.32792636090472216,-0.14906981482885556,0.47396690788472595,-0.5070774450533914
100.35134959220886,8465282,0.31726588309051695,0.38118867526557487,0.3288882085342376,-0.1482682753657867,0.4753696026542141,-0.5068369831604467
100.46069717407227,8465282,0.31726588309051695,0.38191006104036657,0.33149321253687564,-0.14882935298992797,0.477052836382084,-0.5057949816251217
100.56862044334412,8465281,0.3164643434110845,0.38211044597794275,0.3288882085342376,-0.14886942996308217,0.47348598396453906,-0.5055144427504398
100.67248034477234,8465277,0.3156227267485521,0.3812287522530435,0.3295695172725371,-0.1489896608825457,0.4762913735045837,-0.5055545197325316
100.78306531906128,8465280,0.31626395849135297,0.38170967610284867,0.32989013314959237,-0.1483083523389386,0.47556998762156094,-0.5067969061782956
100.8910801410675,8465281,0.31614372753953834,0.38239098489064755,0.32932905536483315,-0.1497511233725162,0.4752493716738393,-0.5055545197325316
100.99568152427673,8465279,0.31618380452347455,0.38235090790311127,0.3284473617038942,-0.1516748180842956,0.4757302955954883,-0.5046728261269355
101.10348868370056,8465276,0.31654449737899126,0.380587520453825,0.3302508260114394,-0.14726635103704172,0.4744478318053112,-0.5057148276609176
101.21480512619019,8465273,0.31622388150741276,0.38215052296546503,0.327766052966586,-0.14902973785570053,0.4747684477525895,-0.5049533650013468
101.32043600082397,8465271,0.3165044203950369,0.38207036899042285,0.3286477466267464,-0.15051258586254776,0.47544975664114447,-0.5046327491448842
101.43045425415039,8465272,0.3165845743629477,0.3827917547661385,0.3286477466267464,-0.1480278135268788,0.4752493716738393,-0.5076785997860448
101.53838753700256,8465271,0.3161036505556042,0.38211044597794275,0.33077182681218403,-0.14870912207046644,0.47621121951753675,-0.50643621333902
101.651113986969,8465267,0.3165845743629477,0.3802669045544392,0.32972982521104804,-0.14766712076852775,0.4760909885369872,-0.5057549046430188
101.75872445106506,8465262,0.3158631886520417,0.3825112158532703,0.3305714418887789,-0.14878927601677397,0.4748486017394367,-0.5071976759998887
101.8625898361206,8465257,0.31714565213855045,0.38090813635335974,0.3286076696421718,-0.14894958390939103,0.47556998762156094,-0.5067568291961465
101.97217607498169,8465253,0.31662465134690615,0.3828719087412648,0.32932905536483315,-0.14798773655372804,0.4750089097131645,-0.5063159823926281
102.0864930152893,8465249,0.3170254211866021,0.38166959911535203,0.32932905536483315,-0.150392354943065,0.475529910628086,-0.5055945967146254
102.19447541236877,8465250,0.3164643434110845,0.3818699840528583,0.3284874386884605,-0.1489896608825457,0.4746081397789282,-0.5057549046430188
102.3073320388794,8465253,0.3158631886520417,0.3822306769405165,0.32936913234944526,-0.14770719774167723,0.4748486017394367,-0.50643621333902
102.41736340522766,8465256,0.31734603705850484,0.3812688292405144,0.32916874742640556,-0.15007173915778513,0.4748886787328645,-0.5051136729296222
102.52334785461426,8465255,0.31574295770028776,0.38199021501539004,0.32972982521104804,-0.1499114312651493,0.4744077548119139,-0.5045926721628347
102.63049912452698,8465253,0.31670480531482914,0.38158944514036586,0.3289282855188268,-0.1482682753657867,0.47544975664114447,-0.5057949816251217
102.74200963973999,8465248,0.31546241881293263,0.38178983007784884,0.3301305950574716,-0.14670527341298775,0.47625129651105885,-0.5067568291961465
102.84522843360901,8465245,0.3170654981705828,0.3815493681528763,0.3288481315496506,-0.14906981482885556,0.47625129651105885,-0.5046728261269355
102.9596905708313,8465244,0.3169452672186467,0.38211044597794275,0.3292489013956152,-0.14870912207046644,0.4724039051455731,-0.50643621333902
103.06359601020813,8465245,0.31698534420262336,0.38158944514036586,0.32808666884289145,-0.1489095069362365,0.47532952566075304,-0.5066766752318538
103.16959047317505,8465249,0.31618380452347455,0.3826314468159141,0.32936913234944526,-0.14914996877516604,0.4757302955954883,-0.5065564442854287
103.28484439849854,8465252,0.31622388150741276,0.380948213340812,0.32980997918031607,-0.14878927601677397,0.4756902186020022,-0.5049934419834129
103.39307832717896,8465251,0.3156227267485521,0.38002644262999746,0.32828705376565,-0.14718619709074646,0.4757302955954883,-0.5058751355893332
103.50149583816528,8465253,0.31754642197851,0.38335283259221864,0.32836720773476796,-0.14935035364094526,0.4757703725889771,-0.5057148276609176
103.60640549659729,8465256,0.31682503626672875,0.3812287522530435,0.3281668228119886,-0.1497511233725162,0.4745680627855197,-0.504552595180787
103.71643042564392,8465259,0.3167849592827602,0.38046728949153785,0.32904851647260686,-0.14854881417785334,0.475089063700045,-0.5065163673032905
103.82678174972534,8465261,0.31662465134690615,0.3818699840528583,0.3289282855188268,-0.14959081547988579,0.47520929468038653,-0.5062759054105012
103.93138766288757,8465262,0.3161036505556042,0.3812688292405144,0.328046591858346,-0.14770719774167723,0.4757703725889771,-0.5051537499116956
104.03597831726074,8465265,0.3171055751545656,0.3823108309155774,0.32812674582743906,-0.14919004574832154,0.47424744683835224,-0.5057549046430188
104.14847302436829,8465265,0.31618380452347455,0.37802259326289955,0.3286477466267464,-0.14710604314445178,0.475529910628086,-0.5059552895535521
104.25635361671448,8465268,0.31686511325069944,0.38182990706535236,0.3302909029960996,-0.1478274286611266,0.4757302955954883,-0.5065564442854287
104.37065815925598,8465264,0.3153021108773456,0.38170967610284867,0.3286076696421718,-0.14902973785570053,0.4766520664464325,-0.5050335189654808
104.47345042228699,8465261,0.31626395849135297,0.38255129284081596,0.32932905536483315,-0.14894958390939103,0.47593068056295995,-0.5057148276609176
104.5838930606842,8465260,0.3153822648451351,0.38243106187818615,0.32916874742640556,-0.14910989180201073,0.47689252840779,-0.5063560593747569
104.68854236602783,8465258,0.31594334261988777,0.38118867526557487,0.3295695172725371,-0.14722627406389402,0.47581044958246865,-0.5062759054105012
104.80529689788818,8465256,0.31670480531482914,0.380948213340812,0.3292489013956152,-0.14810796747318078,0.4748085247460117,-0.5062759054105012
104.91043019294739,8465256,0.3160635735716721,0.380948213340812,0.3288481315496506,-0.14846866023154778,0.4760909885369872,-0.5064762903211544
105.02041602134705,8465254,0.3159032656359637,0.3811485982781086,0.3299302101342337,-0.1478274286611266,0.4768524514142235,-0.5059152125714417
105.132479429245,8465253,0.3146608791353204,0.38130890622798763,0.3302107490267814,-0.14854881417785334,0.47621121951753675,-0.5053140578400079
105.24171710014343,8465250,0.31518187992567653,0.38247113886572703,0.33001036410352264,-0.1482682753657867,0.4761711425240175,-0.5065163673032905
105.34557604789734,8465249,0.31594334261988777,0.38239098489064755,0.327886283920185,-0.15007173915778513,0.477052836382084,-0.5048331340551595
105.45637154579163,8465245,0.31738611404250183,0.38267152380346675,0.32916874742640556,-0.15075304770151798,0.47452798579211414,-0.5055545197325316
105.56364369392395,8465238,0.31654449737899126,0.38255129284081596,0.3284874386884605,-0.14979120034567422,0.47601083454996806,-0.5062358284283761
105.67576789855957,8465232,0.3161036505556042,0.38199021501539004,0.3302107490267814,-0.1489896608825457,0.476411604485175,-0.5058751355893332
105.78383946418762,8465229,0.3167849592827602,0.38106844430318293,0.32812674582743906,-0.1482682753657867,0.4760909885369872,-0.5049934419834129
105.88955450057983,8465228,0.3160234965877419,0.37990621166780797,0.3282469767810941,-0.14794765958057743,0.4752493716738393,-0.5055144427504398
105.99850249290466,8465226,0.3158231116681217,0.38174975309034753,0.32920882441100935,-0.1517549720306285,0.47448790879871133,-0.5041117483783836
106.10993242263794,8465223,0.3158231116681217,0.381509291165389,0.3282469767810941,-0.14706596617130466,0.47544975664114447,-0.50643621333902
106.21463441848755,8465220,0.31570288071637387,0.38074782840357374,0.3286477466267464,-0.1483083523389386,0.47448790879871133,-0.5057148276609176
106.32241010665894,8465215,0.31662465134690615,0.38239098489064755,0.32928897838022314,-0.14878927601677397,0.4777742222669575,-0.5059953665356642
106.42951273918152,8465214,0.3170654981705828,0.38239098489064755,0.3286076696421718,-0.14886942996308217,0.4756501416085191,-0.5055144427504398
106.54513573646545,8465217,0.3165044203950369,0.3815493681528763,0.32812674582743906,-0.1500316621846259,0.47556998762156094,-0.5045926721628347
106.64959454536438,8465221,0.31718572912253723,0.38227075392804577,0.32808666884289145,-0.14902973785570053,0.4750489867066034,-0.5061155974820118
106.75738906860352,8465224,0.3163841894431858,0.3827917547661385,0.3286477466267464,-0.1498312773188324,0.4751291406934894,-0.5062358284283761
106.8695421218872,8465225,0.31570288071637387,0.38182990706535236,0.3294092093340594,-0.1475869668222293,0.475089063700045,-0.506997291089069
106.9767017364502,8465220,0.3164643434110845,0.38090813635335974,0.3289282855188268,-0.14750681287593143,0.4752894486672948,-0.5067167522139993
107.08016061782837,8465214,0.31654449737899126,0.38174975309034753,0.32916874742640556,-0.1489095069362365,0.475529910628086,-0.5071175220355554
107.19594073295593,8465214,0.3164242664271341,0.38174975309034753,0.3281668228119886,-0.14886942996308217,0.4750489867066034,-0.5044724412166971
107.3036789894104,8465216,0.3166647283308666,0.3819501380278771,0.32828705376565,-0.14927019969463307,0.473285598997912,-0.5051136729296222
107.40960764884949,8465217,0.31534218786123935,0.38086805936590973,0.32932905536483315,-0.14850873720470048,0.47376652291793303,-0.5049533650013468
107.51753568649292,8465218,0.3157830346842037,0.3822306769405165,0.3284874386884605,-0.14943050758725807,0.4736062149445484,-0.5073179069464028
107.62290334701538,8465217,0.3167849592827602,0.38191006104036657,0.3295695172725371,-0.14858889115100637,0.47396690788472595,-0.5066766752318538
107.7382881641388,8465216,0.3163841894431858,0.38074782840357374,0.3287279005959018,-0.14874919904362013,0.4750489867066034,-0.5050335189654808
107.84768772125244,8465214,0.3174662680105019,0.38118867526557487,0.3288882085342376,-0.14906981482885556,0.47416729285158804,-0.5051136729296222
107.95349264144897,8465212,0.3160635735716721,0.38239098489064755,0.3288882085342376,-0.15047250888938665,0.47593068056295995,-0.50643621333902
108.0611960887909,8465208,0.31618380452347455,0.37974590371825456,0.328327130750208,-0.14730642801018962,0.475529910628086,-0.5052739808579271
108.17380809783936,8465208,0.31654449737899126,0.38239098489064755,0.32868782361132304,-0.14774727471482688,0.4749688327197284,-0.505634673696721
108.2753164768219,8465214,0.31574295770028776,0.38299213970397167,0.32972982521104804,-0.14810796747318078,0.4746081397789282,-0.5064762903211544
108.39081239700317,8465220,0.31594334261988777,0.38255129284081596,0.32876797758048265,-0.15055266283570903,0.4751291406934894,-0.5070373680712293
108.49436211585999,8465219,0.31614372753953834,0.38130890622798763,0.32985005616495316,-0.1483885062852429,0.4740871388648349,-0.5063961363568875
108.60353231430054,8465215,0.31458072516760355,0.38247113886572703,0.32904851647260686,-0.14834842931209063,0.4771329903692476,-0.5053942118041751
108.7124834060669,8465212,0.3161036505556042,0.3806275974412587,0.32868782361132304,-0.14806789050002972,0.4753696026542141,-0.5061155974820118
108.8238377571106,8465209,0.3138994164423358,0.3822306769405165,0.32948936330329404,-0.14798773655372804,0.4776940682797048,-0.5057949816251217
108.9272928237915,8465212,0.3175063449945049,0.38307229367912127,0.3286477466267464,-0.14858889115100637,0.4745680627855197,-0.5068369831604467
109.03734946250916,8465218,0.3165044203950369,0.38166959911535203,0.32936913234944526,-0.14874919904362013,0.47597075755646256,-0.5067568291961465
109.14759922027588,8465221,0.31626395849135297,0.38170967610284867,0.3281668228119886,-0.14858889115100637,0.4754898336346139,-0.5052339038758481
109.25643014907837,8465224,0.31682503626672875,0.38215052296546503,0.32928897838022314,-0.1489896608825457,0.47472837075917,-0.5065163673032905
109.36547422409058,8465230,0.3156227267485521,0.38166959911535203,0.32820689979654033,-0.14874919904362013,0.47697268239493146,-0.5053140578400079
109.47443318367004,8465232,0.3167448822987936,0.38243106187818615,0.3285275156730288,-0.14935035364094526,0.476131065530501,-0.5061155974820118
109.58144235610962,8465232,0.3170254211866021,0.3803871355166914,0.32840728471933006,-0.14919004574832154,0.47392683089136184,-0.505634673696721
109.69275641441345,8465231,0.3164643434110845,0.3802669045544392,0.32828705376565,-0.14870912207046644,0.4747684477525895,-0.5051537499116956
109.79937958717346,8465234,0.3159032656359637,0.3801466735922079,0.32880805456506557,-0.14882935298992797,0.4756902186020022,-0.5057148276609176
109.90454006195068,8465237,0.31698534420262336,0.3823108309155774,0.32828705376565,-0.14971104639935834,0.4738065999112861,-0.5051938268937709
110.01256346702576,8465241,0.31574295770028776,0.38006651961739857,0.3294092093340594,-0.14846866023154778,0.4748886787328645,-0.5043121332885393
110.12040972709656,8465243,0.31618380452347455,0.38207036899042285,0.32932905536483315,-0.14987135429199078,0.4749688327197284,-0.5055945967146254
110.23393368721008,8465242,0.3158631886520417,0.3823108309155774,0.32932905536483315,-0.15127404835264172,0.47412721585821005,-0.5047930570731007
110.33944153785706,8465241,0.3167448822987936,0.380948213340812,0.3285275156730288,-0.14910989180201073,0.4752493716738393,-0.5053942118041751
110.45152521133423,8465241,0.3154223418290329,0.38275167777857894,0.3299302101342337,-0.1483083523389386,0.4753696026542141,-0.5065163673032905
110.55456352233887,8465244,0.3164643434110845,0.3819501380278771,0.3295294402879145,-0.14878927601677397,0.47581044958246865,-0.5057549046430188
110.66768002510071,8465248,0.315021571990146,0.38054744346639363,0.32868782361132304,-0.14698581222501092,0.47593068056295995,-0.5059152125714417
110.77546381950378,8465252,0.3164643434110845,0.3823108309155774,0.3281668228119886,-0.1498312773188324,0.4760909885369872,-0.5048331340551595
110.88678288459778,8465254,0.3180674227707609,0.3821905999529896,0.327124821214374,-0.14943050758725807,0.47520929468038653,-0.5065965212675685
110.99365544319153,8465253,0.3163841894431858,0.3814692141779041,0.32796643788926133,-0.1498312773188324,0.47657191245933556,-0.5051136729296222
111.09867978096008,8465251,0.31618380452347455,0.3823108309155774,0.32808666884289145,-0.15127404835264172,0.47420736984496875,-0.505634673696721
111.21163535118103,8465243,0.31618380452347455,0.38211044597794275,0.32868782361132304,-0.14959081547988579,0.4718428272402346,-0.5055144427504398
111.31990885734558,8465242,0.3171055751545656,0.38070775141613306,0.32836720773476796,-0.1489095069362365,0.4752493716738393,-0.5041117483783836
111.42098093032837,8465242,0.31742619102650077,0.38291198572883145,0.32920882441100935,-0.14987135429199078,0.47436767781851935,-0.5052339038758481
111.53718948364258,8465244,0.31498149500626843,0.3822306769405165,0.3289282855188268,-0.14947058456041476,0.4756100646150386,-0.5055144427504398
111.64239811897278,8465248,0.3164242664271341,0.3815493681528763,0.3284874386884605,-0.15011181613094451,0.47400698487809284,-0.5033903627022027
111.75250768661499,8465250,0.3145005711998948,0.380948213340812,0.3292489013956152,-0.1483885062852429,0.47729329834360834,-0.5047529800910439
111.85964345932007,8465250,0.31738611404250183,0.3822306769405165,0.32868782361132304,-0.14919004574832154,0.4730451370380506,-0.5069171371247542
111.96834945678711,8465249,0.3149414180223929,0.38331275560462624,0.3290084394880114,-0.14910989180201073,0.4778944532478574,-0.5058751355893332
112.08068203926086,8465247,0.31566280373246197,0.38170967610284867,0.32876797758048265,-0.14979120034567422,0.475529910628086,-0.5078389077148228
112.1844117641449,8465248,0.3159834196038138,0.38182990706535236,0.3280065148738026,-0.1493904306141016,0.4760909885369872,-0.5056747506788184
112.29523658752441,8465248,0.31518187992567653,0.3822306769405165,0.32868782361132304,-0.14914996877516604,0.4762913735045837,-0.5069572141069106
112.41289734840393,8465250,0.31618380452347455,0.38275167777857894,0.32912867044180394,-0.14979120034567422,0.4760909885369872,-0.5061155974820118
112.5207576751709,8465251,0.31546241881293263,0.38086805936590973,0.3307317498274988,-0.1480278135268788,0.476411604485175,-0.5061957514462528
112.62577056884766,8465254,0.3150616489740256,0.3827917547661385,0.32836720773476796,-0.14870912207046644,0.47589060356946006,-0.506075520499894
112.73239231109619,8465254,0.3148211870707783,0.38174975309034753,0.330371056965426,-0.14858889115100637,0.47701275938850635,-0.5059552895535521
112.8395094871521,8465252,0.3165845743629477,0.3827917547661385,0.32912867044180394,-0.14967096942620067,0.47657191245933556,-0.50643621333902
112.94836521148682,8465249,0.3165044203950369,0.3822306769405165,0.3292489013956152,-0.14902973785570053,0.4744478318053112,-0.5065163673032905
113.0608160495758,8465246,0.3166647283308666,0.3827116007910216,0.3295294402879145,-0.14866904509731294,0.47492875572629506,-0.5066365982497102
113.16859650611877,8465248,0.3167448822987936,0.38227075392804577,0.32868782361132304,-0.14967096942620067,0.47464821677233937,-0.5051136729296222
113.27453994750977,8465250,0.3158231116681217,0.38211044597794275,0.32828705376565,-0.149951508238308,0.475089063700045,-0.504151825360411
113.38149523735046,8465249,0.3149013410385193,0.38102836731572365,0.3286076696421718,-0.14910989180201073,0.47733337533720543,-0.5053541348220906
113.49400210380554,8465250,0.3164242664271341,0.38182990706535236,0.32828705376565,-0.1480278135268788,0.4756501416085191,-0.503189977792258
113.60456132888794,8465248,0.3159032656359637,0.381509291165389,0.3286477466267464,-0.14886942996308217,0.476131065530501,-0.5058751355893332
113.7104709148407,8465246,0.31738611404250183,0.380186750579616,0.32812674582743906,-0.14914996877516604,0.4745680627855197,-0.5057148276609176
113.82241654396057,8465243,0.3167849592827602,0.38275167777857894,0.32896836250341804,-0.1503522779699044,0.4750089097131645,-0.5062759054105012
113.92954683303833,8465242,0.3163841894431858,0.38211044597794275,0.3286076696421718,-0.14814804444633203,0.4750489867066034,-0.5057148276609176
114.04163002967834,8465243,0.3170654981705828,0.38199021501539004,0.3294492863186757,-0.15103358651365786,0.4746882937657532,-0.5059152125714417
114.14557647705078,8465241,0.31726588309051695,0.38247113886572703,0.32980997918031607,-0.14874919904362013,0.47492875572629506,-0.5061155974820118
114.25635957717896,8465239,0.31626395849135297,0.3819501380278771,0.3286076696421718,-0.15107366348682139,0.47376652291793303,-0.5038712864862572
114.36940288543701,8465236,0.31714565213855045,0.38178983007784884,0.3276458220130058,-0.14786750563427672,0.47472837075917,-0.5060354435177783
114.47464680671692,8465233,0.31570288071637387,0.38158944514036586,0.3288481315496506,-0.14822819839263499,0.4735661379512092,-0.5071976759998887
114.58245491981506,8465230,0.31618380452347455,0.38082798237846205,0.32856759265759927,-0.14850873720470048,0.4751291406934894,-0.5065163673032905
114.69140791893005,8465226,0.31618380452347455,0.381509291165389,0.33093213475094574,-0.14822819839263499,0.4740871388648349,-0.50643621333902
114.80369758605957,8465223,0.3148211870707783,0.38315244765428025,0.32868782361132304,-0.1483885062852429,0.4756100646150386,-0.5067167522139993
114.90941190719604,8465223,0.3158231116681217,0.3827116007910216,0.3288481315496506,-0.14919004574832154,0.4774536063180136,-0.5063961363568875
115.01834297180176,8465225,0.31534218786123935,0.3784233631358555,0.32912867044180394,-0.1475869668222293,0.47388675389800045,-0.5080793696080455
115.12765073776245,8465223,0.3158631886520417,0.38082798237846205,0.32868782361132304,-0.14750681287593143,0.4752493716738393,-0.5061155974820118
115.23454546928406,8465222,0.3158631886520417,0.38243106187818615,0.3294092093340594,-0.14979120034567422,0.4738466769046419,-0.5071175220355554
115.34351325035095,8465220,0.31682503626672875,0.3806275974412587,0.32792636090472216,-0.14822819839263499,0.4750089097131645,-0.5069171371247542
115.44887804985046,8465216,0.31498149500626843,0.38207036899042285,0.3301305950574716,-0.14910989180201073,0.4752493716738393,-0.5061957514462528
115.56487250328064,8465214,0.3153822648451351,0.3830322166915453,0.32928897838022314,-0.14842858325839522,0.47625129651105885,-0.5063961363568875
115.6724271774292,8465215,0.3157830346842037,0.380948213340812,0.328327130750208,-0.14722627406389402,0.47593068056295995,-0.50643621333902
115.78472828865051,8465217,0.3163441124592395,0.38315244765428025,0.32868782361132304,-0.14894958390939103,0.4749688327197284,-0.5066766752318538
115.89042472839355,8465214,0.3164242664271341,0.38239098489064755,0.3286477466267464,-0.1501919700772638,0.4747684477525895,-0.5059152125714417
116.00253748893738,8465211,0.3161036505556042,0.3794653648066254,0.32812674582743906,-0.1489095069362365,0.4753696026542141,-0.5059552895535521
116.11050081253052,8465209,0.3154223418290329,0.3814291371904215,0.32820689979654033,-0.14730642801018962,0.47532952566075304,-0.5057949816251217
116.21652364730835,8465207,0.3153021108773456,0.38211044597794275,0.32980997918031607,-0.14886942996308217,0.4750089097131645,-0.5065564442854287
116.32760405540466,8465206,0.31570288071637387,0.38178983007784884,0.32740536010590127,-0.1508332016478428,0.47657191245933556,-0.5046728261269355
116.43235397338867,8465201,0.3152219569095642,0.38191006104036657,0.32980997918031607,-0.14894958390939103,0.47452798579211414,-0.5062759054105012
116.54495334625244,8465202,0.3165845743629477,0.38299213970397167,0.3295695172725371,-0.1492301227214772,0.4748886787328645,-0.5059152125714417
116.65375590324402,8465204,0.3172258061065261,0.3827116007910216,0.32820689979654033,-0.1489095069362365,0.47352606095787275,-0.5062759054105012
116.75939679145813,8465207,0.31734603705850484,0.3830322166915453,0.32772597598205716,-0.14927019969463307,0.4763715274916418,-0.5068770601425995
116.86958336830139,8465209,0.316905190234672,0.38291198572883145,0.327886283920185,-0.1493102766677891,0.47392683089136184,-0.5065163673032905
116.97851943969727,8465209,0.3163441124592395,0.38243106187818615,0.3292489013956152,-0.14778735168797666,0.47448790879871133,-0.50643621333902
117.08572340011597,8465210,0.31850826959524153,0.38215052296546503,0.32796643788926133,-0.14999158521146685,0.47368636893123517,-0.5066766752318538
117.19441747665405,8465209,0.31534218786123935,0.3822306769405165,0.33093213475094574,-0.1482682753657867,0.47516921768693665,-0.5065965212675685
117.30976366996765,8465210,0.31714565213855045,0.3822306769405165,0.327766052966586,-0.14910989180201073,0.47296498305145235,-0.5067969061782956
117.41073346138,8465214,0.3166647283308666,0.37990621166780797,0.3290084394880114,-0.14746673590278275,0.475529910628086,-0.5069171371247542
117.52027130126953,8465217,0.3171055751545656,0.3828318317537005,0.328327130750208,-0.1492301227214772,0.47625129651105885,-0.5061957514462528
117.6359429359436,8465218,0.31570288071637387,0.3822306769405165,0.3286477466267464,-0.1483083523389386,0.476411604485175,-0.5068770601425995
117.74521923065186,8465220,0.3158231116681217,0.38191006104036657,0.3290084394880114,-0.14967096942620067,0.47472837075917,-0.5050735959475506
117.84941554069519,8465224,0.3164643434110845,0.38166959911535203,0.3282469767810941,-0.14894958390939103,0.4746882937657532,-0.5067568291961465
117.95739126205444,8465226,0.31626395849135297,0.38078790539101676,0.328327130750208,-0.1483083523389386,0.475529910628086,-0.5047930570731007
118.06541800498962,8465225,0.3160234965877419,0.381509291165389,0.32904851647260686,-0.14874919904362013,0.473285598997912,-0.5065564442854287
118.17673373222351,8465226,0.3154223418290329,0.38174975309034753,0.3305714418887789,-0.14778735168797666,0.4756100646150386,-0.5052739808579271
118.28686380386353,8465229,0.31626395849135297,0.3820302920029053,0.32840728471933006,-0.14834842931209063,0.47597075755646256,-0.5060354435177783
118.39054226875305,8465235,0.3160234965877419,0.38191006104036657,0.32896836250341804,-0.14935035364094526,0.4752493716738393,-0.5051537499116956
118.50187230110168,8465233,0.3166647283308666,0.38227075392804577,0.3289282855188268,-0.14878927601677397,0.47601083454996806,-0.5070774450533914
118.6107485294342,8465233,0.31570288071637387,0.3809882903282667,0.32972982521104804,-0.14878927601677397,0.4764917584722497,-0.5061957514462528
118.71325349807739,8465232,0.31518187992567653,0.38166959911535203,0.32880805456506557,-0.14943050758725807,0.4761711425240175,-0.5058350586072266
118.82444930076599,8465230,0.31570288071637387,0.3813890602029412,0.32936913234944526,-0.14846866023154778,0.47464821677233937,-0.5066766752318538
118.93344640731812,8465230,0.3160635735716721,0.3821905999529896,0.32836720773476796,-0.14858889115100637,0.4765318354657912,-0.5072377529820582
119.04428768157959,8465230,0.31622388150741276,0.38255129284081596,0.3278061299511169,-0.14854881417785334,0.47597075755646256,-0.5061556744641313
119.14841508865356,8465231,0.31546241881293263,0.38162952212785783,0.32908859345720437,-0.14927019969463307,0.47544975664114447,-0.5049533650013468
119.25189661979675,8465233,0.31686511325069944,0.3830322166915453,0.32932905536483315,-0.1498312773188324,0.4750489867066034,-0.5068369831604467
119.36348009109497,8465233,0.3155024957968345,0.3811485982781086,0.328046591858346,-0.14959081547988579,0.47701275938850635,-0.5055945967146254
119.47571730613708,8465231,0.3161036505556042,0.38002644262999746,0.3292489013956152,-0.14734650498333768,0.4762913735045837,-0.506075520499894
119.58151912689209,8465229,0.3146608791353204,0.3827917547661385,0.3296897482264171,-0.14902973785570053,0.475089063700045,-0.5061556744641313
119.69406914710999,8465228,0.31534218786123935,0.380948213340812,0.32916874742640556,-0.14742665892963425,0.4750489867066034,-0.5055545197325316
119.79749298095703,8465227,0.31630403547529523,0.380948213340812,0.3289282855188268,-0.1478274286611266,0.47589060356946006,-0.5056747506788184
119.90949249267578,8465228,0.31622388150741276,0.3823108309155774,0.3285275156730288,-0.14834842931209063,0.4765318354657912,-0.5050335189654808
120.01695513725281,8465228,0.3165044203950369,0.3801466735922079,0.32828705376565,-0.14762704379537844,0.4754898336346139,-0.5047129031089888
120.12239217758179,8465227,0.3152219569095642,0.3813890602029412,0.32916874742640556,-0.14670527341298775,0.47593068056295995,-0.507919061679223
120.23314905166626,8465224,0.3150616489740256,0.3828318317537005,0.32932905536483315,-0.14822819839263499,0.476411604485175,-0.5052739808579271
120.33808135986328,8465222,0.3155425727807383,0.3818699840528583,0.3278462069356499,-0.1493102766677891,0.47585052657596294,-0.5065965212675685
120.44837737083435,8465222,0.31622388150741276,0.38178983007784884,0.32876797758048265,-0.14919004574832154,0.47452798579211414,-0.5059953665356642
120.55745792388916,8465221,0.3152219569095642,0.3814291371904215,0.32972982521104804,-0.14878927601677397,0.47605091154347623,-0.5049934419834129
120.6645028591156,8465221,0.31574295770028776,0.3826314468159141,0.32912867044180394,-0.14967096942620067,0.4746081397789282,-0.5068369831604467
120.77601933479309,8465222,0.3150616489740256,0.38174975309034753,0.3296897482264171,-0.14866904509731294,0.4768123744206597,-0.5058751355893332
120.88358449935913,8465223,0.31686511325069944,0.3814291371904215,0.3284874386884605,-0.150312200996744,0.47544975664114447,-0.5052739808579271
120.99266648292542,8465226,0.3165044203950369,0.37998636564259863,0.3273652831213912,-0.1480278135268788,0.47544975664114447,-0.5055545197325316
121.0973436832428,8465227,0.31618380452347455,0.38339290957981326,0.3289282855188268,-0.15055266283570903,0.47532952566075304,-0.5072377529820582
121.20132660865784,8465225,0.3143001862806581,0.38066767442869476,0.33105236570503904,-0.1478274286611266,0.47605091154347623,-0.5066766752318538
121.31345391273499,8465226,0.3167448822987936,0.38259136982836384,0.3274454370904135,-0.14894958390939103,0.4747684477525895,-0.5059953665356642
121.42246508598328,8465224,0.3154223418290329,0.3828719087412648,0.3286076696421718,-0.14914996877516604,0.4745680627855197,-0.5055545197325316
121.53331112861633,8465224,0.3163441124592395,0.38215052296546503,0.3286076696421718,-0.14850873720470048,0.4752894486672948,-0.5061556744641313
121.64289331436157,8465224,0.3153021108773456,0.3822306769405165,0.33009051807281986,-0.14810796747318078,0.4753696026542141,-0.5061155974820118
121.74734783172607,8465224,0.3155826497646442,0.38178983007784884,0.3287279005959018,-0.15007173915778513,0.47432760082512754,-0.5051537499116956
121.85540533065796,8465225,0.31714565213855045,0.38227075392804577,0.3276458220130058,-0.1493904306141016,0.4754898336346139,-0.5063961363568875
121.96252179145813,8465226,0.3177468068985659,0.38295206271640037,0.32912867044180394,-0.1489896608825457,0.473285598997912,-0.5071175220355554
122.07391905784607,8465227,0.3167448822987936,0.3827116007910216,0.32820689979654033,-0.14927019969463307,0.47516921768693665,-0.505634673696721
122.17858052253723,8465228,0.3165044203950369,0.38158944514036586,0.328046591858346,-0.14814804444633203,0.4750089097131645,-0.5068770601425995
122.28948950767517,8465229,0.3160635735716721,0.38243106187818615,0.32856759265759927,-0.14878927601677397,0.47388675389800045,-0.5048331340551595
122.40243101119995,8465233,0.3159834196038138,0.3792649798698171,0.3276057450284831,-0.14750681287593143,0.4760909885369872,-0.5052739808579271
122.51060199737549,8465236,0.3160234965877419,0.38259136982836384,0.3305313649041042,-0.14894958390939103,0.47697268239493146,-0.505634673696721
122.61139845848083,8465239,0.31626395849135297,0.38086805936590973,0.32896836250341804,-0.14746673590278275,0.4748886787328645,-0.5081194465902558
122.72128009796143,8465243,0.3152219569095642,0.38399406439401446,0.3284473617038942,-0.14987135429199078,0.47520929468038653,-0.5060354435177783
122.83508729934692,8465243,0.31698534420262336,0.38191006104036657,0.32820689979654033,-0.149951508238308,0.4753696026542141,-0.504552595180787
122.94241261482239,8465242,0.31630403547529523,0.3828719087412648,0.3287279005959018,-0.15015189310410407,0.47428752383173856,-0.5059552895535521
123.05189871788025,8465241,0.3166647283308666,0.38191006104036657,0.3289282855188268,-0.14874919904362013,0.4752493716738393,-0.5057949816251217
123.15839982032776,8465242,0.31566280373246197,0.3822306769405165,0.32868782361132304,-0.150392354943065,0.47520929468038653,-0.5053541348220906
123.27207922935486,8465242,0.3165044203950369,0.38106844430318293,0.3290084394880114,-0.14910989180201073,0.4749688327197284,-0.5037911325222297
123.37545251846313,8465249,0.31534218786123935,0.3835932945178218,0.32964967124178834,-0.14894958390939103,0.47532952566075304,-0.5077186767682366
123.48239183425903,8465254,0.3156227267485521,0.38199021501539004,0.32840728471933006,-0.150312200996744,0.47352606095787275,-0.5046327491448842
123.5934112071991,8465258,0.3177067299145507,0.38166959911535203,0.3295294402879145,-0.1482682753657867,0.4740871388648349,-0.5076385228038549
123.6983892917633,8465260,0.31626395849135297,0.38174975309034753,0.3276858989975304,-0.14662511946669682,0.476411604485175,-0.5065965212675685
123.80744481086731,8465260,0.3150616489740256,0.3811085212906446,0.3301305950574716,-0.14882935298992797,0.47472837075917,-0.5051537499116956
123.91657376289368,8465261,0.3152620338934539,0.38178983007784884,0.328046591858346,-0.14967096942620067,0.47448790879871133,-0.5057148276609176
124.02775406837463,8465266,0.3167849592827602,0.3823108309155774,0.3275255910594442,-0.1493904306141016,0.47464821677233937,-0.5057148276609176
124.13247871398926,8465272,0.3157830346842037,0.3822306769405165,0.32812674582743906,-0.15043243191622574,0.47601083454996806,-0.5055945967146254
124.23866128921509,8465275,0.3158231116681217,0.3794653648066254,0.3286076696421718,-0.14846866023154778,0.4744077548119139,-0.5050735959475506
124.35255026817322,8465274,0.31718572912253723,0.38235090790311127,0.32856759265759927,-0.1495106615335716,0.47376652291793303,-0.5059552895535521
124.46069002151489,8465273,0.31594334261988777,0.37870390204706245,0.32808666884289145,-0.14786750563427672,0.47416729285158804,-0.5057949816251217
124.56640696525574,8465276,0.31682503626672875,0.3809882903282667,0.3278462069356499,-0.14650488854726154,0.47601083454996806,-0.5071575990177211
124.67545175552368,8465276,0.3154223418290329,0.38158944514036586,0.32808666884289145,-0.14935035364094526,0.47532952566075304,-0.5055945967146254
124.78453350067139,8465275,0.3164242664271341,0.3828318317537005,0.3288481315496506,-0.14874919904362013,0.47416729285158804,-0.5061957514462528
124.89683151245117,8465276,0.3163841894431858,0.38235090790311127,0.32928897838022314,-0.14850873720470048,0.4745680627855197,-0.5064762903211544
125.00049376487732,8465279,0.31686511325069944,0.38046728949153785,0.32868782361132304,-0.14858889115100637,0.4748486017394367,-0.5070373680712293
125.10740852355957,8465282,0.3160635735716721,0.38102836731572365,0.3273252061368831,-0.14866904509731294,0.4734459069712081,-0.5061556744641313
125.21024632453918,8465281,0.3159032656359637,0.381509291165389,0.32740536010590127,-0.14914996877516604,0.4766520664464325,-0.5054743657683497
125.32253742218018,8465279,0.3152219569095642,0.38046728949153785,0.3284473617038942,-0.14746673590278275,0.47540967964767794,-0.5053140578400079
125.43345355987549,8465278,0.3144204172321941,0.3803470585292717,0.3303309799807617,-0.14794765958057743,0.4767722974270987,-0.5058751355893332
125.53851222991943,8465278,0.3150616489740256,0.3820302920029053,0.32908859345720437,-0.14850873720470048,0.4767322204335406,-0.5067568291961465
125.6465163230896,8465283,0.31594334261988777,0.3834329865674103,0.32976990219568103,-0.14910989180201073,0.47432760082512754,-0.5062358284283761
125.75446367263794,8465287,0.31654449737899126,0.38211044597794275,0.32948936330329404,-0.14894958390939103,0.47412721585821005,-0.5063961363568875
125.85828638076782,8465291,0.3176666529305374,0.38170967610284867,0.32792636090472216,-0.14882935298992797,0.4744077548119139,-0.5066766752318538
125.9669542312622,8465289,0.31546241881293263,0.3802669045544392,0.327886283920185,-0.14846866023154778,0.4752894486672948,-0.5062759054105012
126.07987189292908,8465285,0.3163441124592395,0.37990621166780797,0.3278462069356499,-0.14778735168797666,0.47464821677233937,-0.5058751355893332
126.1863923072815,8465285,0.31626395849135297,0.38158944514036586,0.3278061299511169,-0.14947058456041476,0.4754898336346139,-0.5073980609107547
126.29553389549255,8465287,0.3155425727807383,0.3806275974412587,0.32989013314959237,-0.14822819839263499,0.47420736984496875,-0.50643621333902
126.40644788742065,8465289,0.31574295770028776,0.38054744346639363,0.328327130750208,-0.14963089245304312,0.47452798579211414,-0.5047930570731007
126.51349592208862,8465289,0.3158631886520417,0.38267152380346675,0.3286477466267464,-0.15051258586254776,0.47352606095787275,-0.5045125181987411
126.62670063972473,8465289,0.3158231116681217,0.381509291165389,0.32916874742640556,-0.15015189310410407,0.47436767781851935,-0.5045125181987411
126.73472762107849,8465288,0.3160635735716721,0.38170967610284867,0.328046591858346,-0.1489896608825457,0.4746081397789282,-0.5058751355893332
126.84044766426086,8465289,0.3166647283308666,0.38247113886572703,0.32912867044180394,-0.1497511233725162,0.475089063700045,-0.5065564442854287
126.9499740600586,8465289,0.3153822648451351,0.3812287522530435,0.3304111339500924,-0.14798773655372804,0.4764917584722497,-0.506997291089069
127.05665731430054,8465289,0.3155425727807383,0.38299213970397167,0.32868782361132304,-0.14882935298992797,0.476451681478711,-0.5062759054105012
127.161048412323,8465290,0.31686511325069944,0.38174975309034753,0.32836720773476796,-0.15043243191622574,0.47392683089136184,-0.5059152125714417
127.27516555786133,8465290,0.31574295770028776,0.38118867526557487,0.32808666884289145,-0.14706596617130466,0.4750489867066034,-0.5064762903211544
127.37855648994446,8465289,0.31622388150741276,0.38118867526557487,0.32916874742640556,-0.1480278135268788,0.4749688327197284,-0.5059552895535521
127.48745489120483,8465290,0.31566280373246197,0.380587520453825,0.3289282855188268,-0.1483083523389386,0.4740871388648349,-0.5063961363568875
127.59647154808044,8465286,0.3159834196038138,0.3821905999529896,0.32828705376565,-0.14910989180201073,0.4756902186020022,-0.5059953665356642
127.70647144317627,8465283,0.3165044203950369,0.3822306769405165,0.32868782361132304,-0.150392354943065,0.4760909885369872,-0.506075520499894
127.80931544303894,8465282,0.31654449737899126,0.38339290957981326,0.3284874386884605,-0.14959081547988579,0.47432760082512754,-0.5070373680712293
127.92353987693787,8465280,0.3160635735716721,0.38255129284081596,0.3284874386884605,-0.1489095069362365,0.47400698487809284,-0.5051938268937709
128.0353546142578,8465279,0.3164242664271341,0.3802268275670264,0.328327130750208,-0.1483083523389386,0.47416729285158804,-0.5065163673032905
128.13960361480713,8465277,0.3160234965877419,0.38054744346639363,0.32880805456506557,-0.14794765958057743,0.475089063700045,-0.5058350586072266
128.2437310218811,8465278,0.3165845743629477,0.3825112158532703,0.327886283920185,-0.1478274286611266,0.475089063700045,-0.5057949816251217
128.36081075668335,8465278,0.3165044203950369,0.3823108309155774,0.3273252061368831,-0.14959081547988579,0.4762913735045837,-0.5055945967146254
128.4693956375122,8465277,0.31566280373246197,0.38182990706535236,0.3302909029960996,-0.14927019969463307,0.4752493716738393,-0.5063961363568875
128.57543897628784,8465278,0.3169452672186467,0.38207036899042285,0.32724505216787325,-0.1501919700772638,0.4748085247460117,-0.5050735959475506
128.68831658363342,8465281,0.31798726880269995,0.3821905999529896,0.32836720773476796,-0.1483885062852429,0.47368636893123517,-0.5065564442854287
128.79079389572144,8465285,0.3161036505556042,0.3813890602029412,0.3301305950574716,-0.14818812141948343,0.4756501416085191,-0.5062358284283761
128.90881490707397,8465285,0.31742619102650077,0.38255129284081596,0.3276458220130058,-0.14874919904362013,0.4746882937657532,-0.5068369831604467
129.01219725608826,8465283,0.3160635735716721,0.3813489832154633,0.3289282855188268,-0.1489896608825457,0.4747684477525895,-0.5067969061782956
129.12247014045715,8465284,0.31670480531482914,0.3831925246418632,0.32932905536483315,-0.1493904306141016,0.47400698487809284,-0.5067969061782956
129.23055720329285,8465289,0.31682503626672875,0.3813890602029412,0.32772597598205716,-0.14910989180201073,0.47520929468038653,-0.506997291089069
129.34167385101318,8465291,0.3165044203950369,0.38178983007784884,0.3286076696421718,-0.14766712076852775,0.476131065530501,-0.5069171371247542
129.45119214057922,8465291,0.3154223418290329,0.3806275974412587,0.32856759265759927,-0.14746673590278275,0.4774536063180136,-0.5060354435177783
129.5588948726654,8465297,0.3157830346842037,0.38247113886572703,0.3276458220130058,-0.14959081547988579,0.4762913735045837,-0.5038712864862572
129.6635241508484,8465301,0.3147009561191818,0.38070775141613306,0.32828705376565,-0.14846866023154778,0.4763715274916418,-0.5063560593747569
129.77442288398743,8465300,0.3164242664271341,0.3820302920029053,0.32856759265759927,-0.14963089245304312,0.4751291406934894,-0.5052739808579271
129.88252067565918,8465304,0.3159032656359637,0.38182990706535236,0.3290084394880114,-0.14762704379537844,0.477052836382084,-0.5062759054105012
129.9948103427887,8465306,0.316905190234672,0.3825112158532703,0.3284874386884605,-0.1495106615335716,0.47392683089136184,-0.5058350586072266
130.0985004901886,8465307,0.3165044203950369,0.38207036899042285,0.32908859345720437,-0.14798773655372804,0.47532952566075304,-0.5068369831604467
130.20736050605774,8465307,0.3164242664271341,0.38170967610284867,0.32896836250341804,-0.14882935298992797,0.47492875572629506,-0.5067167522139993
130.31458258628845,8465308,0.31686511325069944,0.3803871355166914,0.3284473617038942,-0.14798773655372804,0.47448790879871133,-0.5064762903211544
130.42677187919617,8465307,0.31570288071637387,0.38158944514036586,0.32896836250341804,-0.14842858325839522,0.47340582997787994,-0.5061957514462528
130.5345118045807,8465305,0.31682503626672875,0.3827917547661385,0.3289282855188268,-0.15067289375519388,0.47432760082512754,-0.5060354435177783
130.6467363834381,8465302,0.3132181077176498,0.381509291165389,0.3288882085342376,-0.1480278135268788,0.47689252840779,-0.5059552895535521
130.75555181503296,8465302,0.3154223418290329,0.3814291371904215,0.32880805456506557,-0.1482682753657867,0.4756902186020022,-0.5059552895535521
130.86048102378845,8465306,0.31546241881293263,0.37910467192041225,0.3284874386884605,-0.1475468898490803,0.47416729285158804,-0.5066365982497102
130.9694344997406,8465305,0.3155826497646442,0.38275167777857894,0.32904851647260686,-0.14810796747318078,0.4724840591320942,-0.5062759054105012
131.07838988304138,8465303,0.3153822648451351,0.38215052296546503,0.3295695172725371,-0.1482682753657867,0.47464821677233937,-0.50643621333902
131.1917462348938,8465302,0.3149013410385193,0.38239098489064755,0.32964967124178834,-0.14894958390939103,0.47400698487809284,-0.5050735959475506
131.3014235496521,8465303,0.3164242664271341,0.38046728949153785,0.3272851291523771,-0.1475869668222293,0.4753696026542141,-0.5055545197325316
131.41061067581177,8465301,0.31594334261988777,0.38315244765428025,0.3284473617038942,-0.14810796747318078,0.4756501416085191,-0.5070774450533914
131.51630210876465,8465295,0.31566280373246197,0.3803470585292717,0.32876797758048265,-0.1478274286611266,0.47452798579211414,-0.5053140578400079
131.6234107017517,8465291,0.3157830346842037,0.38199021501539004,0.32989013314959237,-0.1483083523389386,0.4750489867066034,-0.5069572141069106
131.73341417312622,8465291,0.31518187992567653,0.38162952212785783,0.3285275156730288,-0.1493904306141016,0.4763715274916418,-0.5068770601425995
131.8451886177063,8465288,0.31486126405464776,0.3806275974412587,0.3294092093340594,-0.1482682753657867,0.4746882937657532,-0.5052339038758481
131.95046949386597,8465289,0.31546241881293263,0.38267152380346675,0.3302107490267814,-0.14914996877516604,0.4749688327197284,-0.5053942118041751
132.05843210220337,8465286,0.3153021108773456,0.38207036899042285,0.3290084394880114,-0.14738658195648588,0.4750089097131645,-0.5071575990177211
132.16644930839539,8465283,0.3152219569095642,0.38162952212785783,0.32828705376565,-0.14794765958057743,0.4751291406934894,-0.5061957514462528
132.27006673812866,8465281,0.3158231116681217,0.37950544179399404,0.327886283920185,-0.14794765958057743,0.4750089097131645,-0.5065163673032905
132.38242936134338,8465280,0.3150616489740256,0.38215052296546503,0.3287279005959018,-0.14987135429199078,0.4748085247460117,-0.5059152125714417
132.4904637336731,8465279,0.31510172595790725,0.3811485982781086,0.32960959425716163,-0.1470258891981577,0.4740871388648349,-0.5067568291961465
132.60509133338928,8465278,0.31534218786123935,0.3811085212906446,0.32812674582743906,-0.14854881417785334,0.4748886787328645,-0.504552595180787
132.70793294906616,8465274,0.31546241881293263,0.38247113886572703,0.32896836250341804,-0.14834842931209063,0.47581044958246865,-0.5063560593747569
132.81853199005127,8465273,0.3155425727807383,0.3814692141779041,0.3276458220130058,-0.14842858325839522,0.476451681478711,-0.5068770601425995
132.92964839935303,8465275,0.31622388150741276,0.38255129284081596,0.3281668228119886,-0.14927019969463307,0.47432760082512754,-0.5059552895535521
133.03115701675415,8465279,0.3158631886520417,0.37966574974349176,0.3274454370904135,-0.1483885062852429,0.4754898336346139,-0.5058751355893332
133.15049004554749,8465279,0.3157830346842037,0.38295206271640037,0.32908859345720437,-0.1465449655204065,0.4750489867066034,-0.5068770601425995
133.25640153884888,8465279,0.31622388150741276,0.3792649798698171,0.3286477466267464,-0.14814804444633203,0.47532952566075304,-0.5075984458216669
133.36976408958435,8465280,0.3159032656359637,0.3809882903282667,0.3278061299511169,-0.14882935298992797,0.47412721585821005,-0.5068369831604467
133.47462701797485,8465283,0.31686511325069944,0.38174975309034753,0.32680420533846716,-0.14943050758725807,0.4736062149445484,-0.5060354435177783
133.58151412010193,8465286,0.31570288071637387,0.3806275974412587,0.32772597598205716,-0.14806789050002972,0.47472837075917,-0.5063159823926281
133.69048285484314,8465288,0.3160234965877419,0.38166959911535203,0.3286477466267464,-0.14798773655372804,0.4752894486672948,-0.5060354435177783
133.7973382472992,8465291,0.31738611404250183,0.3820302920029053,0.32856759265759927,-0.1493102766677891,0.472884829064865,-0.5066766752318538
133.90971636772156,8465290,0.31618380452347455,0.38275167777857894,0.3288481315496506,-0.14842858325839522,0.47436767781851935,-0.5072377529820582
134.01244926452637,8465290,0.31726588309051695,0.38211044597794275,0.32820689979654033,-0.14910989180201073,0.47544975664114447,-0.5063961363568875
134.12247920036316,8465291,0.316905190234672,0.38010659660480206,0.3276458220130058,-0.14894958390939103,0.4748486017394367,-0.5069572141069106
134.2304584980011,8465290,0.31534218786123935,0.3814692141779041,0.32912867044180394,-0.14854881417785334,0.4754898336346139,-0.5061957514462528
134.3375096321106,8465290,0.3164643434110845,0.3828318317537005,0.3287279005959018,-0.14874919904362013,0.4738466769046419,-0.5060354435177783
134.44674587249756,8465292,0.3171055751545656,0.38090813635335974,0.32772597598205716,-0.14894958390939103,0.47436767781851935,-0.5063159823926281
134.55449891090393,8465290,0.31618380452347455,0.3818699840528583,0.32916874742640556,-0.14834842931209063,0.4756902186020022,-0.5061556744641313
134.66675853729248,8465293,0.3160234965877419,0.38255129284081596,0.3294092093340594,-0.14902973785570053,0.4753696026542141,-0.5065163673032905
134.7704074382782,8465293,0.31618380452347455,0.3818699840528583,0.3288481315496506,-0.14878927601677397,0.47396690788472595,-0.5065564442854287
134.8786437511444,8465291,0.3148211870707783,0.38070775141613306,0.328327130750208,-0.14822819839263499,0.47709291337566445,-0.5052739808579271
134.9904022216797,8465287,0.31594334261988777,0.3814291371904215,0.32772597598205716,-0.14818812141948343,0.475529910628086,-0.5049533650013468
135.1004023551941,8465287,0.3163841894431858,0.3831123706666996,0.32796643788926133,-0.14919004574832154,0.4756501416085191,-0.5067568291961465
135.21198773384094,8465282,0.31662465134690615,0.38130890622798763,0.3276458220130058,-0.14914996877516604,0.4750089097131645,-0.5054342887862615
135.3145227432251,8465278,0.31654449737899126,0.38247113886572703,0.32796643788926133,-0.1499114312651493,0.4748085247460117,-0.5062759054105012
135.42742681503296,8465276,0.3156227267485521,0.38199021501539004,0.3282469767810941,-0.14963089245304312,0.47424744683835224,-0.5052739808579271
135.5364248752594,8465273,0.31566280373246197,0.3813489832154633,0.328327130750208,-0.14894958390939103,0.477052836382084,-0.5064762903211544
135.6436483860016,8465270,0.31682503626672875,0.38211044597794275,0.327766052966586,-0.1493904306141016,0.47436767781851935,-0.50643621333902
135.75685596466064,8465265,0.3153822648451351,0.3814692141779041,0.32820689979654033,-0.14822819839263499,0.4744478318053112,-0.5059953665356642
135.8604974746704,8465263,0.31594334261988777,0.38090813635335974,0.3276458220130058,-0.14927019969463307,0.47368636893123517,-0.506075520499894
135.9694163799286,8465264,0.3161036505556042,0.3830322166915453,0.3288481315496506,-0.14866904509731294,0.4736062149445484,-0.5054743657683497
136.07856488227844,8465261,0.31570288071637387,0.3826314468159141,0.3289282855188268,-0.14919004574832154,0.47492875572629506,-0.5060354435177783
136.1904330253601,8465259,0.31742619102650077,0.38259136982836384,0.3275255910594442,-0.14842858325839522,0.4746882937657532,-0.5054743657683497
136.3012752532959,8465259,0.3164643434110845,0.3821905999529896,0.32880805456506557,-0.14906981482885556,0.4748085247460117,-0.5068369831604467
136.4103810787201,8465259,0.3158631886520417,0.3797859807056394,0.3289282855188268,-0.14710604314445178,0.4749688327197284,-0.5074381378929335
136.52153992652893,8465258,0.31510172595790725,0.3813489832154633,0.3280065148738026,-0.15015189310410407,0.47621121951753675,-0.5049934419834129
136.63246703147888,8465254,0.3158231116681217,0.38130890622798763,0.32836720773476796,-0.14999158521146685,0.4756100646150386,-0.5055144427504398
136.73953914642334,8465249,0.3160234965877419,0.3823108309155774,0.32692443629191664,-0.14862896812415957,0.4740470618714625,-0.5059152125714417
136.84763026237488,8465247,0.3154223418290329,0.38066767442869476,0.3292489013956152,-0.1478274286611266,0.47540967964767794,-0.50643621333902
136.95634961128235,8465247,0.31574295770028776,0.3815493681528763,0.32912867044180394,-0.15015189310410407,0.4740871388648349,-0.5055545197325316
137.0643880367279,8465242,0.31393949342615896,0.381509291165389,0.32868782361132304,-0.14878927601677397,0.4754898336346139,-0.5057949816251217
137.17580485343933,8465242,0.31682503626672875,0.38239098489064755,0.32812674582743906,-0.14902973785570053,0.4745680627855197,-0.5065564442854287
137.28149461746216,8465242,0.31574295770028776,0.38199021501539004,0.3292489013956152,-0.1467854273592793,0.47540967964767794,-0.5073179069464028
137.38945150375366,8465242,0.31594334261988777,0.38199021501539004,0.327886283920185,-0.14882935298992797,0.47428752383173856,-0.5067568291961465
137.49753379821777,8465244,0.3163841894431858,0.3811485982781086,0.32932905536483315,-0.1478274286611266,0.47428752383173856,-0.5065163673032905
137.6064851284027,8465245,0.31566280373246197,0.38118867526557487,0.32820689979654033,-0.1493102766677891,0.47452798579211414,-0.5053541348220906
137.71439719200134,8465248,0.3163441124592395,0.38170967610284867,0.32740536010590127,-0.14927019969463307,0.4740871388648349,-0.5047529800910439
137.8246579170227,8465251,0.3160234965877419,0.3826314468159141,0.32916874742640556,-0.14914996877516604,0.47428752383173856,-0.5057148276609176
137.93348050117493,8465252,0.31654449737899126,0.38191006104036657,0.3287279005959018,-0.14910989180201073,0.47376652291793303,-0.5055144427504398
138.04686164855957,8465256,0.31698534420262336,0.38207036899042285,0.32908859345720437,-0.1497511233725162,0.47396690788472595,-0.5061556744641313
138.14731287956238,8465256,0.31518187992567653,0.38174975309034753,0.32980997918031607,-0.14894958390939103,0.47312529102466,-0.5073179069464028
138.25797843933105,8465251,0.3173059600745099,0.38239098489064755,0.3276458220130058,-0.14886942996308217,0.4749688327197284,-0.5055144427504398
138.3730547428131,8465247,0.31566280373246197,0.3818699840528583,0.3276057450284831,-0.14722627406389402,0.47532952566075304,-0.505634673696721
138.4764804840088,8465245,0.31574295770028776,0.38010659660480206,0.32928897838022314,-0.14850873720470048,0.4744077548119139,-0.5057549046430188
138.58360886573792,8465246,0.3169452672186467,0.37966574974349176,0.32792636090472216,-0.14842858325839522,0.47448790879871133,-0.506997291089069
138.69342374801636,8465251,0.3144604942160434,0.37974590371825456,0.32836720773476796,-0.1462644267083952,0.4744478318053112,-0.506997291089069
138.8016757965088,8465253,0.3155826497646442,0.3812688292405144,0.3284874386884605,-0.15047250888938665,0.47448790879871133,-0.5049934419834129
138.91178560256958,8465257,0.3158231116681217,0.38259136982836384,0.32808666884289145,-0.1493102766677891,0.4744478318053112,-0.5067568291961465
139.01744532585144,8465260,0.3166647283308666,0.38178983007784884,0.32820689979654033,-0.14919004574832154,0.47436767781851935,-0.5051136729296222
139.12983655929565,8465260,0.31614372753953834,0.38243106187818615,0.32896836250341804,-0.14914996877516604,0.4746882937657532,-0.5070774450533914
139.23535776138306,8465262,0.3155826497646442,0.38211044597794275,0.32868782361132304,-0.15099350954049448,0.4737264459245827,-0.506075520499894
139.3394753932953,8465260,0.31570288071637387,0.38182990706535236,0.32932905536483315,-0.1483885062852429,0.4746081397789282,-0.5070373680712293
139.45528411865234,8465257,0.3156227267485521,0.3811085212906446,0.32840728471933006,-0.14814804444633203,0.47532952566075304,-0.5061957514462528
139.5596354007721,8465253,0.3153822648451351,0.38239098489064755,0.32880805456506557,-0.14882935298992797,0.4746081397789282,-0.5068770601425995
139.6693398952484,8465251,0.3147811100869108,0.38199021501539004,0.32896836250341804,-0.1489095069362365,0.4771329903692476,-0.5059552895535521
139.78082036972046,8465250,0.3161036505556042,0.38030698154185427,0.3278061299511169,-0.14858889115100637,0.4748085247460117,-0.505634673696721
139.89088129997253,8465249,0.3152219569095642,0.3813489832154633,0.32964967124178834,-0.14726635103704172,0.47544975664114447,-0.5077988307326256
139.99743700027466,8465247,0.3175063449945049,0.38207036899042285,0.3280065148738026,-0.14874919904362013,0.4752493716738393,-0.5067167522139993
140.11020922660828,8465245,0.31486126405464776,0.3814692141779041,0.327766052966586,-0.14834842931209063,0.4783353001780382,-0.5057148276609176
140.21642303466797,8465247,0.3146608791353204,0.3813489832154633,0.32756566804396264,-0.14935035364094526,0.47436767781851935,-0.5051537499116956
140.32383942604065,8465249,0.3153021108773456,0.38170967610284867,0.32920882441100935,-0.14919004574832154,0.4748886787328645,-0.5054743657683497
140.43350291252136,8465249,0.31510172595790725,0.38090813635335974,0.32836720773476796,-0.14722627406389402,0.4753696026542141,-0.5057549046430188
140.54577922821045,8465250,0.316905190234672,0.3812688292405144,0.32880805456506557,-0.14750681287593143,0.4750089097131645,-0.5056747506788184
140.65166354179382,8465250,0.3158231116681217,0.38090813635335974,0.328046591858346,-0.14987135429199078,0.4756501416085191,-0.5054743657683497
140.76264190673828,8465249,0.3167448822987936,0.38215052296546503,0.328327130750208,-0.14850873720470048,0.4740871388648349,-0.5057549046430188
140.86946296691895,8465246,0.31762657594652627,0.38102836731572365,0.32700459026089335,-0.14834842931209063,0.47412721585821005,-0.5062358284283761
140.97746348381042,8465242,0.3158631886520417,0.38215052296546503,0.3288882085342376,-0.14854881417785334,0.4736062149445484,-0.5065163673032905
141.08844113349915,8465244,0.3169452672186467,0.38078790539101676,0.32688435930743137,-0.1499114312651493,0.4748486017394367,-0.5063560593747569
141.19336438179016,8465246,0.31654449737899126,0.3814692141779041,0.32796643788926133,-0.14662511946669682,0.4748085247460117,-0.5072778299642295
141.30620169639587,8465245,0.3165845743629477,0.3820302920029053,0.3273252061368831,-0.14927019969463307,0.4757703725889771,-0.5057549046430188
141.409658908844,8465245,0.31486126405464776,0.3794252878192591,0.32808666884289145,-0.14662511946669682,0.4752493716738393,-0.5069572141069106
141.51947689056396,8465246,0.31546241881293263,0.3803871355166914,0.32724505216787325,-0.1483885062852429,0.47544975664114447,-0.5061957514462528
141.627539396286,8465245,0.31626395849135297,0.38191006104036657,0.32812674582743906,-0.14874919904362013,0.475529910628086,-0.5070373680712293
141.7383997440338,8465242,0.3159032656359637,0.381509291165389,0.3289282855188268,-0.14794765958057743,0.47368636893123517,-0.50643621333902
141.84650540351868,8465239,0.3154223418290329,0.38118867526557487,0.32836720773476796,-0.150312200996744,0.4756100646150386,-0.5049934419834129
141.9564082622528,8465236,0.3155826497646442,0.381509291165389,0.3294092093340594,-0.1482682753657867,0.4747684477525895,-0.5069171371247542
142.06349682807922,8465237,0.31566280373246197,0.3809882903282667,0.32812674582743906,-0.14814804444633203,0.4756902186020022,-0.5067167522139993
142.17577195167542,8465239,0.31626395849135297,0.3814291371904215,0.328046591858346,-0.1489095069362365,0.4749688327197284,-0.5059552895535521
142.28278732299805,8465238,0.3158631886520417,0.3827116007910216,0.32868782361132304,-0.14846866023154778,0.4745680627855197,-0.5068369831604467
142.39424324035645,8465235,0.3150616489740256,0.38291198572883145,0.3289282855188268,-0.14943050758725807,0.47424744683835224,-0.5059552895535521
142.49953484535217,8465232,0.3164643434110845,0.3812287522530435,0.328327130750208,-0.1499114312651493,0.47392683089136184,-0.5061556744641313
142.60651659965515,8465230,0.31498149500626843,0.38191006104036657,0.32908859345720437,-0.14846866023154778,0.4750489867066034,-0.5067969061782956
142.71442103385925,8465227,0.31626395849135297,0.3818699840528583,0.3286076696421718,-0.14706596617130466,0.47452798579211414,-0.5086404473591581
142.82369422912598,8465229,0.3166647283308666,0.38158944514036586,0.32836720773476796,-0.14878927601677397,0.4730050600447501,-0.5071976759998887
142.93665623664856,8465231,0.3167849592827602,0.37982605769302663,0.3273252061368831,-0.14910989180201073,0.47436767781851935,-0.5057549046430188
143.04244780540466,8465226,0.31574295770028776,0.3819501380278771,0.32912867044180394,-0.1482682753657867,0.47520929468038653,-0.5065564442854287
143.15148425102234,8465224,0.31594334261988777,0.3822306769405165,0.32796643788926133,-0.1493904306141016,0.47492875572629506,-0.5071175220355554
143.2583909034729,8465224,0.31654449737899126,0.38162952212785783,0.328327130750208,-0.1483885062852429,0.47520929468038653,-0.5059552895535521
143.36304640769958,8465225,0.3163841894431858,0.3831925246418632,0.32700459026089335,-0.14999158521146685,0.4757302955954883,-0.5062358284283761
143.47167682647705,8465223,0.31458072516760355,0.3813489832154633,0.32856759265759927,-0.14862896812415957,0.47540967964767794,-0.5072377529820582
143.58984851837158,8465224,0.3172258061065261,0.38170967610284867,0.3284473617038942,-0.1493102766677891,0.47308521403135395,-0.5058751355893332
143.69346022605896,8465228,0.31518187992567653,0.3815493681528763,0.3285275156730288,-0.147907582607427,0.47520929468038653,-0.5057549046430188
143.80245327949524,8465230,0.3158631886520417,0.38215052296546503,0.3288481315496506,-0.14846866023154778,0.4748085247460117,-0.5069572141069106
143.90957498550415,8465234,0.3157830346842037,0.3793050568571741,0.327766052966586,-0.147907582607427,0.4756902186020022,-0.5073179069464028
144.01955795288086,8465235,0.31742619102650077,0.38255129284081596,0.3281668228119886,-0.15027212402358375,0.47368636893123517,-0.5052739808579271
144.12741231918335,8465236,0.3166647283308666,0.38239098489064755,0.32796643788926133,-0.14862896812415957,0.47396690788472595,-0.5067568291961465
144.23790788650513,8465238,0.3163441124592395,0.38331275560462624,0.3288882085342376,-0.14971104639935834,0.4747684477525895,-0.506075520499894
144.34482145309448,8465243,0.31510172595790725,0.37966574974349176,0.327886283920185,-0.14834842931209063,0.4760909885369872,-0.5061957514462528
144.45462226867676,8465247,0.3159032656359637,0.3818699840528583,0.32868782361132304,-0.1489896608825457,0.47448790879871133,-0.5053942118041751
144.56253623962402,8465249,0.3165044203950369,0.37958559576873824,0.328327130750208,-0.1483885062852429,0.47492875572629506,-0.5061556744641313
144.67152976989746,8465252,0.31654449737899126,0.38046728949153785,0.3266038204160928,-0.14850873720470048,0.4738466769046419,-0.5055545197325316
144.7787103652954,8465254,0.31566280373246197,0.3814291371904215,0.3292489013956152,-0.14878927601677397,0.47581044958246865,-0.5059152125714417
144.89087963104248,8465256,0.31626395849135297,0.37950544179399404,0.3286477466267464,-0.14774727471482688,0.47556998762156094,-0.5063961363568875
144.99793243408203,8465257,0.31754642197851,0.3823108309155774,0.3264435124782306,-0.14894958390939103,0.4744077548119139,-0.5077587537504301
145.10990500450134,8465259,0.31594334261988777,0.38275167777857894,0.3289282855188268,-0.14742665892963425,0.47464821677233937,-0.5078389077148228
145.21813035011292,8465261,0.31546241881293263,0.3815493681528763,0.3282469767810941,-0.14814804444633203,0.47520929468038653,-0.5053541348220906
145.32546401023865,8465260,0.3160635735716721,0.3811085212906446,0.3276858989975304,-0.14963089245304312,0.4749688327197284,-0.5049934419834129
145.43161940574646,8465260,0.3147410331030453,0.381509291165389,0.3286076696421718,-0.14850873720470048,0.47589060356946006,-0.5055945967146254
145.53957176208496,8465259,0.3164242664271341,0.3838337564435093,0.3286076696421718,-0.15095343256733132,0.4745680627855197,-0.5060354435177783
145.6466851234436,8465257,0.3167448822987936,0.3784233631358555,0.32820689979654033,-0.14806789050002972,0.47400698487809284,-0.5069171371247542
145.75903487205505,8465255,0.31534218786123935,0.38182990706535236,0.32812674582743906,-0.14919004574832154,0.47432760082512754,-0.5060354435177783
145.8660147190094,8465253,0.3163441124592395,0.3823108309155774,0.3289282855188268,-0.14874919904362013,0.4753696026542141,-0.5063961363568875
145.97527313232422,8465248,0.3167448822987936,0.3828318317537005,0.3281668228119886,-0.1483083523389386,0.4744478318053112,-0.5064762903211544
146.08245539665222,8465244,0.3170654981705828,0.3814291371904215,0.32840728471933006,-0.14906981482885556,0.4766520664464325,-0.5057549046430188
146.18969869613647,8465243,0.3163841894431858,0.38207036899042285,0.32812674582743906,-0.15047250888938665,0.4751291406934894,-0.5055545197325316
146.29650855064392,8465240,0.31718572912253723,0.38207036899042285,0.327124821214374,-0.14850873720470048,0.47432760082512754,-0.5067568291961465
146.40039920806885,8465238,0.31514180294179084,0.38070775141613306,0.32856759265759927,-0.14866904509731294,0.4748486017394367,-0.5059152125714417
146.51657676696777,8465236,0.3160234965877419,0.38162952212785783,0.32696451327640397,-0.14878927601677397,0.4740871388648349,-0.5065965212675685
146.6254153251648,8465232,0.31454064818374816,0.38291198572883145,0.3292489013956152,-0.14786750563427672,0.4756501416085191,-0.5060354435177783
146.73153471946716,8465227,0.3148211870707783,0.3828719087412648,0.3288481315496506,-0.1483083523389386,0.4760909885369872,-0.5062759054105012
146.84143781661987,8465222,0.31618380452347455,0.38182990706535236,0.3285275156730288,-0.14910989180201073,0.473285598997912,-0.505634673696721
146.94957280158997,8465220,0.3156227267485521,0.38227075392804577,0.3286076696421718,-0.1493102766677891,0.472884829064865,-0.5070774450533914
147.0612678527832,8465216,0.31630403547529523,0.3823108309155774,0.3286477466267464,-0.14846866023154778,0.4750089097131645,-0.5061957514462528
147.1621057987213,8465215,0.31622388150741276,0.38267152380346675,0.3286477466267464,-0.14967096942620067,0.4746081397789282,-0.5046728261269355
147.27451705932617,8465216,0.31714565213855045,0.38247113886572703,0.32876797758048265,-0.14894958390939103,0.4725241361253588,-0.5060354435177783
147.382821559906,8465219,0.31626395849135297,0.38191006104036657,0.3270446672453848,-0.14842858325839522,0.4756501416085191,-0.5061957514462528
147.4885630607605,8465221,0.3165845743629477,0.3813489832154633,0.32812674582743906,-0.14810796747318078,0.47392683089136184,-0.5072778299642295
147.59962487220764,8465223,0.31622388150741276,0.38239098489064755,0.3282469767810941,-0.15071297072835588,0.475529910628086,-0.5046327491448842
147.7117257118225,8465226,0.3147410331030453,0.3813489832154633,0.32820689979654033,-0.14979120034567422,0.47589060356946006,-0.5049934419834129
147.81998991966248,8465222,0.31454064818374816,0.3812287522530435,0.32876797758048265,-0.1469056582787178,0.4756902186020022,-0.5079992156436305
147.92645025253296,8465219,0.31566280373246197,0.38267152380346675,0.327886283920185,-0.14822819839263499,0.476411604485175,-0.5060354435177783
148.0364580154419,8465222,0.31570288071637387,0.38086805936590973,0.328046591858346,-0.1495106615335716,0.47348598396453906,-0.5063961363568875
148.14463877677917,8465221,0.3169452672186467,0.38243106187818615,0.3274855140749278,-0.14810796747318078,0.4756100646150386,-0.5069171371247542
148.25691676139832,8465217,0.3165044203950369,0.38259136982836384,0.3278061299511169,-0.1495106615335716,0.47472837075917,-0.5055545197325316
148.36381101608276,8465219,0.31454064818374816,0.38178983007784884,0.3284874386884605,-0.1493904306141016,0.47593068056295995,-0.5054743657683497
148.46813583374023,8465220,0.31534218786123935,0.37994628865520214,0.32836720773476796,-0.14794765958057743,0.4750489867066034,-0.5057148276609176
148.57329106330872,8465222,0.3167448822987936,0.3803871355166914,0.32772597598205716,-0.14874919904362013,0.47428752383173856,-0.5070774450533914
148.68216466903687,8465226,0.3153021108773456,0.3820302920029053,0.32948936330329404,-0.14846866023154778,0.4733256759912318,-0.5068369831604467
148.79829668998718,8465227,0.3155826497646442,0.38106844430318293,0.32772597598205716,-0.14698581222501092,0.475089063700045,-0.5070774450533914
148.90411758422852,8465227,0.3156227267485521,0.38102836731572365,0.3285275156730288,-0.1478274286611266,0.47412721585821005,-0.50643621333902
149.0124547481537,8465226,0.3163441124592395,0.3822306769405165,0.32840728471933006,-0.14971104639935834,0.4748486017394367,-0.5053541348220906
149.1266758441925,8465224,0.3153822648451351,0.3827917547661385,0.32912867044180394,-0.14850873720470048,0.4757703725889771,-0.5072778299642295
149.231520652771,8465221,0.31682503626672875,0.3831925246418632,0.3281668228119886,-0.14955073850672862,0.4740871388648349,-0.5066766752318538
149.3438127040863,8465218,0.31714565213855045,0.3828318317537005,0.32812674582743906,-0.14858889115100637,0.4753696026542141,-0.5068770601425995
149.44844579696655,8465217,0.3164643434110845,0.38174975309034753,0.328046591858346,-0.14806789050002972,0.4747684477525895,-0.5079591386614257
149.55985307693481,8465211,0.3152219569095642,0.3818699840528583,0.3274855140749278,-0.15047250888938665,0.47589060356946006,-0.5062759054105012
149.66738176345825,8465208,0.3153822648451351,0.38182990706535236,0.32856759265759927,-0.14979120034567422,0.4729249060581573,-0.5057549046430188
149.77349424362183,8465210,0.3148211870707783,0.38211044597794275,0.32920882441100935,-0.1480278135268788,0.47376652291793303,-0.5068369831604467
149.88567328453064,8465210,0.3170254211866021,0.38207036899042285,0.32772597598205716,-0.14822819839263499,0.47364629193789043,-0.5067167522139993
149.99144959449768,8465208,0.31357880057182297,0.3825112158532703,0.32904851647260686,-0.14878927601677397,0.4756100646150386,-0.5061556744641313
150.09758138656616,8465208,0.31614372753953834,0.37910467192041225,0.32700459026089335,-0.14842858325839522,0.47432760082512754,-0.5048331340551595
150.21190929412842,8465212,0.3160234965877419,0.38082798237846205,0.32836720773476796,-0.14858889115100637,0.47581044958246865,-0.5046728261269355
150.317453622818,8465209,0.3172258061065261,0.38227075392804577,0.32828705376565,-0.14794765958057743,0.4734459069712081,-0.5071575990177211
150.42573881149292,8465203,0.3149414180223929,0.3823108309155774,0.32840728471933006,-0.14850873720470048,0.47621121951753675,-0.5065965212675685
150.5344696044922,8465201,0.3153021108773456,0.3802268275670264,0.3286076696421718,-0.14674535038613346,0.47448790879871133,-0.5068369831604467
150.64465165138245,8465198,0.31626395849135297,0.38178983007784884,0.32836720773476796,-0.14810796747318078,0.47472837075917,-0.5070373680712293
150.7526397705078,8465195,0.3143803402483467,0.380587520453825,0.3278061299511169,-0.1469056582787178,0.47589060356946006,-0.5069171371247542
150.86394429206848,8465196,0.3149013410385193,0.3820302920029053,0.32936913234944526,-0.14806789050002972,0.4763715274916418,-0.5062358284283761
150.97145342826843,8465197,0.31718572912253723,0.3822306769405165,0.3284473617038942,-0.14858889115100637,0.4737264459245827,-0.5065564442854287
151.0764238834381,8465196,0.3146608791353204,0.38191006104036657,0.33069167284281564,-0.14786750563427672,0.4747684477525895,-0.5063961363568875
151.1873972415924,8465198,0.3167849592827602,0.3818699840528583,0.32808666884289145,-0.14734650498333768,0.475529910628086,-0.5077988307326256
151.29870510101318,8465198,0.3158231116681217,0.38042721250411343,0.3273652831213912,-0.1478274286611266,0.47532952566075304,-0.5059552895535521
151.40567922592163,8465197,0.31742619102650077,0.38191006104036657,0.3263232815248558,-0.14894958390939103,0.47388675389800045,-0.5064762903211544
151.51046919822693,8465197,0.3173059600745099,0.38211044597794275,0.327886283920185,-0.14850873720470048,0.4730050600447501,-0.5076385228038549
151.6205701828003,8465196,0.31574295770028776,0.3815493681528763,0.3273652831213912,-0.1493102766677891,0.47448790879871133,-0.5073980609107547
151.72759556770325,8465196,0.31614372753953834,0.3822306769405165,0.3275255910594442,-0.1492301227214772,0.4765318354657912,-0.5066766752318538
151.83774828910828,8465197,0.3172258061065261,0.380948213340812,0.328046591858346,-0.14858889115100637,0.47412721585821005,-0.5059552895535521
151.95207285881042,8465199,0.3153021108773456,0.38102836731572365,0.32792636090472216,-0.14862896812415957,0.4748085247460117,-0.5069171371247542
152.05740904808044,8465198,0.3155826497646442,0.38182990706535236,0.3276458220130058,-0.14714612011759903,0.47589060356946006,-0.5066365982497102
152.16982746124268,8465198,0.31714565213855045,0.3811085212906446,0.32796643788926133,-0.14927019969463307,0.47581044958246865,-0.5055545197325316
152.27648496627808,8465201,0.3156227267485521,0.38074782840357374,0.327886283920185,-0.1482682753657867,0.4748085247460117,-0.5073179069464028
152.3863983154297,8465202,0.31618380452347455,0.38082798237846205,0.32792636090472216,-0.14882935298992797,0.47376652291793303,-0.5058751355893332
152.49817895889282,8465201,0.31574295770028776,0.381509291165389,0.3282469767810941,-0.14750681287593143,0.47368636893123517,-0.5065163673032905
152.60344457626343,8465198,0.3155425727807383,0.3813890602029412,0.32896836250341804,-0.14935035364094526,0.47424744683835224,-0.5049533650013468
152.71155166625977,8465201,0.3163841894431858,0.38199021501539004,0.3284473617038942,-0.1495106615335716,0.47376652291793303,-0.5070774450533914
152.81397080421448,8465203,0.315021571990146,0.380948213340812,0.3288481315496506,-0.14778735168797666,0.47424744683835224,-0.5067969061782956
152.92957162857056,8465204,0.3159834196038138,0.38215052296546503,0.32808666884289145,-0.14878927601677397,0.4744478318053112,-0.5068770601425995
153.03347516059875,8465207,0.3145005711998948,0.38102836731572365,0.3288481315496506,-0.1475468898490803,0.4766119894528827,-0.5061957514462528
153.14150547981262,8465205,0.31714565213855045,0.3822306769405165,0.32696451327640397,-0.14822819839263499,0.47436767781851935,-0.5064762903211544
153.25248622894287,8465202,0.31614372753953834,0.38255129284081596,0.3281668228119886,-0.14806789050002972,0.4740871388648349,-0.5067568291961465
153.35945510864258,8465201,0.3152620338934539,0.3818699840528583,0.3284473617038942,-0.14774727471482688,0.4749688327197284,-0.5059152125714417
153.46765899658203,8465200,0.3150616489740256,0.38199021501539004,0.3292489013956152,-0.14738658195648588,0.47581044958246865,-0.5075583688394808
153.57986426353455,8465200,0.31814757673883004,0.38247113886572703,0.3274855140749278,-0.14738658195648588,0.4737264459245827,-0.5066365982497102
153.68806719779968,8465201,0.3157830346842037,0.38086805936590973,0.3276458220130058,-0.1497511233725162,0.47420736984496875,-0.5054743657683497
153.7889313697815,8465201,0.3152219569095642,0.38162952212785783,0.3286477466267464,-0.1483083523389386,0.47392683089136184,-0.5063961363568875
153.90709233283997,8465201,0.31566280373246197,0.3825112158532703,0.32688435930743137,-0.14882935298992797,0.4748886787328645,-0.5058350586072266
154.0125026702881,8465201,0.3153822648451351,0.38182990706535236,0.3288882085342376,-0.14886942996308217,0.4744077548119139,-0.5052739808579271
154.12437343597412,8465198,0.31614372753953834,0.3812287522530435,0.3280065148738026,-0.14886942996308217,0.4748486017394367,-0.5067167522139993
154.23351550102234,8465196,0.31618380452347455,0.38102836731572365,0.3280065148738026,-0.1482682753657867,0.47412721585821005,-0.5076385228038549
154.34063625335693,8465197,0.31570288071637387,0.38086805936590973,0.32692443629191664,-0.1495106615335716,0.47464821677233937,-0.5053541348220906
154.44738173484802,8465201,0.3153822648451351,0.38158944514036586,0.32740536010590127,-0.14806789050002972,0.4768123744206597,-0.5061155974820118
154.5599775314331,8465201,0.3166647283308666,0.38118867526557487,0.3280065148738026,-0.14858889115100637,0.4733657529845545,-0.5051136729296222
154.66360354423523,8465200,0.3161036505556042,0.3812688292405144,0.32700459026089335,-0.14786750563427672,0.4752894486672948,-0.5070373680712293
154.77254366874695,8465196,0.3155024957968345,0.38235090790311127,0.32812674582743906,-0.14963089245304312,0.472884829064865,-0.5062358284283761
154.88342785835266,8465193,0.31714565213855045,0.38211044597794275,0.3286477466267464,-0.14927019969463307,0.4734459069712081,-0.5055545197325316
154.99287867546082,8465189,0.3153021108773456,0.38375360246827084,0.32808666884289145,-0.14878927601677397,0.47472837075917,-0.5062759054105012
155.1008381843567,8465187,0.3172258061065261,0.38162952212785783,0.32656374343162414,-0.1483885062852429,0.4738065999112861,-0.5075984458216669
155.20539903640747,8465186,0.3153822648451351,0.38130890622798763,0.3290084394880114,-0.14750681287593143,0.4751291406934894,-0.5072377529820582
155.31242203712463,8465184,0.3154223418290329,0.38106844430318293,0.3272049751833714,-0.14778735168797666,0.476411604485175,-0.5062759054105012
155.42602396011353,8465185,0.3167849592827602,0.38235090790311127,0.32740536010590127,-0.14866904509731294,0.4756100646150386,-0.5067568291961465
155.53056406974792,8465187,0.31682503626672875,0.380587520453825,0.32820689979654033,-0.14714612011759903,0.47544975664114447,-0.5071175220355554
155.64199018478394,8465190,0.3165845743629477,0.38235090790311127,0.3278061299511169,-0.14914996877516604,0.47428752383173856,-0.5067568291961465
155.74858379364014,8465189,0.3144604942160434,0.38267152380346675,0.32920882441100935,-0.14862896812415957,0.4750089097131645,-0.5057148276609176
155.86084365844727,8465187,0.3143001862806581,0.38166959911535203,0.3288882085342376,-0.14738658195648588,0.4744077548119139,-0.5063961363568875
155.97164392471313,8465187,0.3159834196038138,0.3809882903282667,0.3276858989975304,-0.14742665892963425,0.4740470618714625,-0.5064762903211544
156.07639384269714,8465189,0.3154223418290329,0.3815493681528763,0.3286076696421718,-0.1483885062852429,0.4751291406934894,-0.5073179069464028
156.1880795955658,8465188,0.31498149500626843,0.38178983007784884,0.32936913234944526,-0.14818812141948343,0.4757302955954883,-0.5061957514462528
156.292982339859,8465187,0.3167448822987936,0.38066767442869476,0.32792636090472216,-0.14854881417785334,0.4749688327197284,-0.5049934419834129
156.4055347442627,8465187,0.3170654981705828,0.38078790539101676,0.3278061299511169,-0.147907582607427,0.4749688327197284,-0.506075520499894
156.5065360069275,8465190,0.3155826497646442,0.38162952212785783,0.328046591858346,-0.14854881417785334,0.4749688327197284,-0.5054342887862615
156.6214280128479,8465190,0.3169452672186467,0.38315244765428025,0.3284874386884605,-0.149951508238308,0.47368636893123517,-0.5065163673032905
156.72846961021423,8465192,0.31514180294179084,0.38207036899042285,0.32740536010590127,-0.14967096942620067,0.4749688327197284,-0.5054743657683497
156.8369460105896,8465194,0.3160635735716721,0.3828719087412648,0.32740536010590127,-0.14866904509731294,0.47376652291793303,-0.5067167522139993
156.94816184043884,8465198,0.31682503626672875,0.38070775141613306,0.32908859345720437,-0.1483083523389386,0.47448790879871133,-0.506075520499894
157.05155491828918,8465201,0.31626395849135297,0.3813890602029412,0.32792636090472216,-0.14842858325839522,0.47520929468038653,-0.5059152125714417
157.1604266166687,8465206,0.3163841894431858,0.38162952212785783,0.32820689979654033,-0.1478274286611266,0.47556998762156094,-0.5067969061782956
157.2749707698822,8465206,0.3165044203950369,0.3825112158532703,0.328046591858346,-0.1499114312651493,0.4735661379512092,-0.5054342887862615
157.37761187553406,8465204,0.3156227267485521,0.380948213340812,0.32740536010590127,-0.14963089245304312,0.4740470618714625,-0.5054743657683497
157.48476481437683,8465202,0.31814757673883004,0.38207036899042285,0.3256419727894168,-0.14919004574832154,0.47416729285158804,-0.5069171371247542
157.59579253196716,8465202,0.3153021108773456,0.3812287522530435,0.32856759265759927,-0.14870912207046644,0.4751291406934894,-0.50643621333902
157.70156025886536,8465203,0.3167448822987936,0.3815493681528763,0.3273652831213912,-0.1500316621846259,0.4740871388648349,-0.50643621333902
157.80679082870483,8465207,0.3164643434110845,0.38199021501539004,0.3276458220130058,-0.1478274286611266,0.4748486017394367,-0.5072377529820582
157.92475748062134,8465207,0.3149013410385193,0.380948213340812,0.3275255910594442,-0.147907582607427,0.4760909885369872,-0.505634673696721
158.03286218643188,8465207,0.3153822648451351,0.381509291165389,0.32648358946269307,-0.14874919904362013,0.4764917584722497,-0.50643621333902
158.1347999572754,8465209,0.31686511325069944,0.38174975309034753,0.3276057450284831,-0.14806789050002972,0.4744077548119139,-0.5070774450533914
158.2453556060791,8465207,0.31734603705850484,0.38199021501539004,0.3286477466267464,-0.14730642801018962,0.4744478318053112,-0.5067167522139993
158.35787177085876,8465204,0.3153021108773456,0.3813890602029412,0.32828705376565,-0.1483083523389386,0.47400698487809284,-0.5073579839285778
158.464905500412,8465202,0.31670480531482914,0.38130890622798763,0.328327130750208,-0.14842858325839522,0.47340582997787994,-0.5063159823926281
158.58084774017334,8465199,0.314620802151461,0.38255129284081596,0.32932905536483315,-0.14874919904362013,0.47516921768693665,-0.5065564442854287
158.69349598884583,8465200,0.31510172595790725,0.38158944514036586,0.3280065148738026,-0.1493102766677891,0.47436767781851935,-0.5059152125714417
158.8127899169922,8465201,0.3166647283308666,0.3813890602029412,0.3280065148738026,-0.14726635103704172,0.47424744683835224,-0.5070373680712293
158.91377592086792,8465202,0.3160234965877419,0.38010659660480206,0.3282469767810941,-0.14814804444633203,0.4735661379512092,-0.5057549046430188
159.02527260780334,8465203,0.3153822648451351,0.3806275974412587,0.3276458220130058,-0.14818812141948343,0.47472837075917,-0.5072377529820582
159.14401721954346,8465200,0.31454064818374816,0.38211044597794275,0.32820689979654033,-0.14874919904362013,0.4748085247460117,-0.5056747506788184
159.24459886550903,8465204,0.3158231116681217,0.3827917547661385,0.3289282855188268,-0.14882935298992797,0.47348598396453906,-0.5067568291961465
159.3625364303589,8465205,0.3158631886520417,0.38207036899042285,0.3282469767810941,-0.14870912207046644,0.475529910628086,-0.5063159823926281
159.4674789905548,8465203,0.31534218786123935,0.38166959911535203,0.327766052966586,-0.14902973785570053,0.4750089097131645,-0.5061957514462528
159.57816910743713,8465201,0.3165845743629477,0.38102836731572365,0.3288481315496506,-0.1475869668222293,0.47436767781851935,-0.5081996005546818
159.68109679222107,8465200,0.3158231116681217,0.38106844430318293,0.3276458220130058,-0.14886942996308217,0.47657191245933556,-0.5058751355893332
159.79345178604126,8465198,0.3167448822987936,0.38006651961739857,0.32792636090472216,-0.14806789050002972,0.4740470618714625,-0.507478214875114
159.89684796333313,8465200,0.3159834196038138,0.38158944514036586,0.3262832045404016,-0.1480278135268788,0.4748486017394367,-0.506997291089069
160.01097440719604,8465199,0.3158631886520417,0.38054744346639363,0.32696451327640397,-0.14798773655372804,0.4752894486672948,-0.5070373680712293
160.12264251708984,8465198,0.31630403547529523,0.3825112158532703,0.32856759265759927,-0.1475869668222293,0.4746882937657532,-0.5072778299642295
160.23187279701233,8465202,0.3156227267485521,0.3818699840528583,0.32932905536483315,-0.14810796747318078,0.4746081397789282,-0.5070373680712293
160.33654069900513,8465204,0.31546241881293263,0.3814692141779041,0.3278061299511169,-0.14870912207046644,0.47420736984496875,-0.5052739808579271
160.4483561515808,8465207,0.31670480531482914,0.3823108309155774,0.32812674582743906,-0.14862896812415957,0.4750089097131645,-0.5071175220355554
160.55364775657654,8465210,0.315021571990146,0.3812287522530435,0.3288481315496506,-0.14714612011759903,0.4747684477525895,-0.5075583688394808
160.6617968082428,8465207,0.31546241881293263,0.38247113886572703,0.328327130750208,-0.14906981482885556,0.47424744683835224,-0.5057549046430188
160.76666116714478,8465207,0.3158231116681217,0.38199021501539004,0.3284874386884605,-0.14886942996308217,0.4744478318053112,-0.506997291089069
160.88310647010803,8465207,0.3157830346842037,0.3812688292405144,0.32772597598205716,-0.14842858325839522,0.4748085247460117,-0.5055144427504398
160.9937777519226,8465207,0.31622388150741276,0.37998636564259863,0.3282469767810941,-0.14726635103704172,0.4748085247460117,-0.5066365982497102
161.097642660141,8465209,0.31546241881293263,0.3812688292405144,0.3286076696421718,-0.14818812141948343,0.47492875572629506,-0.506997291089069
161.20976424217224,8465208,0.3166647283308666,0.380186750579616,0.3286076696421718,-0.1493102766677891,0.47348598396453906,-0.5053140578400079
161.31912350654602,8465211,0.31534218786123935,0.38275167777857894,0.3281668228119886,-0.14870912207046644,0.4751291406934894,-0.5062759054105012
161.4269528388977,8465216,0.3149414180223929,0.38082798237846205,0.328327130750208,-0.1483885062852429,0.4760909885369872,-0.5059152125714417
161.5256941318512,8465220,0.3147811100869108,0.38174975309034753,0.32696451327640397,-0.14842858325839522,0.4748886787328645,-0.5073579839285778
161.63585567474365,8465220,0.31618380452347455,0.381509291165389,0.3266839743850363,-0.1483083523389386,0.47581044958246865,-0.5055144427504398
161.74942660331726,8465219,0.3164242664271341,0.38158944514036586,0.328327130750208,-0.14786750563427672,0.47392683089136184,-0.5061957514462528
161.86285543441772,8465218,0.31510172595790725,0.38215052296546503,0.32648358946269307,-0.14955073850672862,0.475089063700045,-0.5049934419834129
161.97049927711487,8465221,0.31546241881293263,0.38090813635335974,0.32912867044180394,-0.1483083523389386,0.47412721585821005,-0.5059552895535521
162.0817427635193,8465222,0.31422003231297757,0.38118867526557487,0.3278061299511169,-0.14878927601677397,0.4765318354657912,-0.5051938268937709
162.18948888778687,8465220,0.3165845743629477,0.38162952212785783,0.32916874742640556,-0.14834842931209063,0.4754898336346139,-0.50643621333902
162.29356479644775,8465219,0.3143402632645014,0.38199021501539004,0.3294492863186757,-0.14874919904362013,0.4736062149445484,-0.5059152125714417
162.40047812461853,8465217,0.3153021108773456,0.38118867526557487,0.3282469767810941,-0.14842858325839522,0.47416729285158804,-0.5047529800910439
162.51177835464478,8465220,0.31686511325069944,0.38118867526557487,0.3273252061368831,-0.14770719774167723,0.4740470618714625,-0.5075984458216669
162.62074542045593,8465223,0.3165044203950369,0.38375360246827084,0.3278061299511169,-0.1483885062852429,0.4756100646150386,-0.506997291089069
162.7223174571991,8465222,0.31626395849135297,0.38090813635335974,0.32812674582743906,-0.14910989180201073,0.4738466769046419,-0.5071976759998887
162.8399691581726,8465217,0.3143402632645014,0.38130890622798763,0.3273252061368831,-0.1482682753657867,0.4752894486672948,-0.5061957514462528
162.94639897346497,8465217,0.3153021108773456,0.3786638250597402,0.3276458220130058,-0.14786750563427672,0.47388675389800045,-0.5066766752318538
163.05462288856506,8465216,0.31546241881293263,0.3827116007910216,0.3287279005959018,-0.14786750563427672,0.4757703725889771,-0.5069572141069106
163.1626431941986,8465215,0.31622388150741276,0.38243106187818615,0.3274454370904135,-0.14866904509731294,0.47368636893123517,-0.5063159823926281
163.27252459526062,8465211,0.3158231116681217,0.3828719087412648,0.32724505216787325,-0.14927019969463307,0.4756902186020022,-0.5062759054105012
163.38387632369995,8465210,0.3155425727807383,0.38243106187818615,0.32928897838022314,-0.1483083523389386,0.4738466769046419,-0.5061155974820118
163.49397253990173,8465208,0.3145005711998948,0.380948213340812,0.3285275156730288,-0.14726635103704172,0.4756100646150386,-0.5078389077148228
163.5986771583557,8465210,0.31546241881293263,0.3823108309155774,0.328327130750208,-0.14943050758725807,0.4773734523308054,-0.5050335189654808
163.70662927627563,8465212,0.3155826497646442,0.3813890602029412,0.32828705376565,-0.14822819839263499,0.47432760082512754,-0.5067167522139993
163.8146231174469,8465213,0.3157830346842037,0.38239098489064755,0.3286076696421718,-0.14798773655372804,0.47416729285158804,-0.5067167522139993
163.92593216896057,8465211,0.3148211870707783,0.3786237480724203,0.32876797758048265,-0.14710604314445178,0.4753696026542141,-0.5062759054105012
164.0343837738037,8465207,0.3164242664271341,0.38255129284081596,0.3273252061368831,-0.14906981482885556,0.47544975664114447,-0.5066365982497102
164.13501024246216,8465207,0.3158231116681217,0.3827917547661385,0.3282469767810941,-0.14927019969463307,0.4736062149445484,-0.5065163673032905
164.24614548683167,8465210,0.31546241881293263,0.38243106187818615,0.32700459026089335,-0.14870912207046644,0.47697268239493146,-0.506075520499894
164.35951566696167,8465211,0.3155425727807383,0.3820302920029053,0.3278462069356499,-0.14878927601677397,0.47516921768693665,-0.5069171371247542
164.47171664237976,8465205,0.3158231116681217,0.38295206271640037,0.32772597598205716,-0.14927019969463307,0.47540967964767794,-0.5071976759998887
164.57348370552063,8465202,0.3157830346842037,0.38207036899042285,0.32820689979654033,-0.14886942996308217,0.4757703725889771,-0.5065965212675685
164.6835594177246,8465203,0.31518187992567653,0.3813489832154633,0.32840728471933006,-0.147907582607427,0.47400698487809284,-0.5068770601425995
164.7926185131073,8465206,0.3153822648451351,0.38247113886572703,0.32904851647260686,-0.1489896608825457,0.47376652291793303,-0.5060354435177783
164.90487337112427,8465207,0.3154223418290329,0.38247113886572703,0.3276057450284831,-0.14910989180201073,0.4752894486672948,-0.5072377529820582
165.00974774360657,8465210,0.31566280373246197,0.3823108309155774,0.32828705376565,-0.14722627406389402,0.47464821677233937,-0.5082797545191153
165.11959862709045,8465212,0.31594334261988777,0.3813489832154633,0.327766052966586,-0.14722627406389402,0.4744077548119139,-0.5073579839285778
165.22744870185852,8465216,0.3155425727807383,0.38174975309034753,0.3284473617038942,-0.14894958390939103,0.47448790879871133,-0.5067969061782956
165.33969712257385,8465216,0.3142601092968168,0.3819501380278771,0.32792636090472216,-0.1489896608825457,0.47597075755646256,-0.5057949816251217
165.4454894065857,8465218,0.31614372753953834,0.38046728949153785,0.32740536010590127,-0.14814804444633203,0.47448790879871133,-0.5050735959475506
165.5547285079956,8465220,0.31614372753953834,0.38170967610284867,0.32808666884289145,-0.1501919700772638,0.47396690788472595,-0.5054342887862615
165.66248846054077,8465219,0.31618380452347455,0.3812287522530435,0.3278061299511169,-0.14914996877516604,0.47432760082512754,-0.5051537499116956
165.7737934589386,8465217,0.3165044203950369,0.38215052296546503,0.32856759265759927,-0.1498312773188324,0.47452798579211414,-0.5067167522139993
165.87425231933594,8465218,0.3152620338934539,0.3814692141779041,0.328046591858346,-0.14734650498333768,0.47208328919959924,-0.5068369831604467
165.98713040351868,8465222,0.3150616489740256,0.38074782840357374,0.3278061299511169,-0.14718619709074646,0.4744077548119139,-0.5057549046430188
166.09244966506958,8465226,0.31422003231297757,0.38182990706535236,0.3276858989975304,-0.14870912207046644,0.4763314504981114,-0.5061155974820118
166.20392036437988,8465226,0.3150616489740256,0.38215052296546503,0.3284874386884605,-0.14786750563427672,0.475089063700045,-0.5063560593747569
166.30865120887756,8465231,0.3155024957968345,0.38191006104036657,0.3274855140749278,-0.14822819839263499,0.4756902186020022,-0.5071575990177211
166.41853094100952,8465235,0.31654449737899126,0.3827116007910216,0.3286076696421718,-0.1482682753657867,0.47388675389800045,-0.5069572141069106
166.523583650589,8465240,0.31514180294179084,0.38082798237846205,0.3285275156730288,-0.1461441957889641,0.4752493716738393,-0.5075984458216669
166.63167905807495,8465242,0.31458072516760355,0.38170967610284867,0.3285275156730288,-0.14882935298992797,0.47412721585821005,-0.5070373680712293
166.74202227592468,8465242,0.3152219569095642,0.38239098489064755,0.3278462069356499,-0.14862896812415957,0.4749688327197284,-0.5070774450533914
166.84753561019897,8465242,0.3155024957968345,0.3811085212906446,0.32868782361132304,-0.1482682753657867,0.4740871388648349,-0.5068770601425995
166.95448350906372,8465240,0.31574295770028776,0.38030698154185427,0.3280065148738026,-0.14882935298992797,0.47593068056295995,-0.5059953665356642
167.05969047546387,8465237,0.3150616489740256,0.3797859807056394,0.32808666884289145,-0.1482682753657867,0.4748085247460117,-0.5065564442854287
167.17106127738953,8465240,0.3167849592827602,0.38215052296546503,0.3276057450284831,-0.1489896608825457,0.4733657529845545,-0.5067568291961465
167.28270483016968,8465241,0.3165845743629477,0.38199021501539004,0.32552174183616617,-0.14955073850672862,0.476411604485175,-0.5060354435177783
167.3919746875763,8465240,0.31738611404250183,0.3823108309155774,0.3276458220130058,-0.14786750563427672,0.4744478318053112,-0.5063961363568875
167.505633354187,8465242,0.3157830346842037,0.38166959911535203,0.32840728471933006,-0.14874919904362013,0.47420736984496875,-0.5052339038758481
167.61183524131775,8465241,0.3153021108773456,0.3803470585292717,0.3272049751833714,-0.14971104639935834,0.47376652291793303,-0.5053942118041751
167.72256898880005,8465241,0.3159032656359637,0.381509291165389,0.3276858989975304,-0.1500316621846259,0.4745680627855197,-0.504352210270576
167.83269238471985,8465242,0.3164643434110845,0.3819501380278771,0.3270446672453848,-0.14979120034567422,0.4750089097131645,-0.5049934419834129
167.93944215774536,8465241,0.31566280373246197,0.38158944514036586,0.32828705376565,-0.14850873720470048,0.4723237511590631,-0.5055945967146254
168.0510675907135,8465239,0.31498149500626843,0.38267152380346675,0.3290084394880114,-0.14858889115100637,0.47436767781851935,-0.5051938268937709
168.1600124835968,8465238,0.3157830346842037,0.3820302920029053,0.32756566804396264,-0.14919004574832154,0.4747684477525895,-0.5078389077148228
168.26457166671753,8465231,0.3155024957968345,0.3809882903282667,0.32740536010590127,-0.14674535038613346,0.47376652291793303,-0.5070774450533914
168.37667894363403,8465230,0.31498149500626843,0.38291198572883145,0.32772597598205716,-0.149951508238308,0.4746081397789282,-0.5067167522139993
168.47960305213928,8465233,0.3161036505556042,0.37966574974349176,0.3266038204160928,-0.14698581222501092,0.47581044958246865,-0.5061556744641313
168.58434224128723,8465231,0.3155425727807383,0.3821905999529896,0.32792636090472216,-0.14886942996308217,0.4740871388648349,-0.5050735959475506
168.69083833694458,8465228,0.3172258061065261,0.3806275974412587,0.32756566804396264,-0.1475869668222293,0.4744077548119139,-0.5075984458216669
168.8035864830017,8465230,0.3156227267485521,0.38182990706535236,0.32700459026089335,-0.14846866023154778,0.4745680627855197,-0.5067969061782956
168.91252970695496,8465234,0.3160635735716721,0.3814291371904215,0.32812674582743906,-0.14730642801018962,0.47400698487809284,-0.5073179069464028
169.0278890132904,8465233,0.3152620338934539,0.3813489832154633,0.327886283920185,-0.14686558130557148,0.4752493716738393,-0.5063560593747569
169.13850378990173,8465228,0.3149013410385193,0.3794252878192591,0.328327130750208,-0.14818812141948343,0.4740871388648349,-0.5055945967146254
169.2450454235077,8465225,0.3159032656359637,0.38086805936590973,0.327124821214374,-0.15015189310410407,0.47400698487809284,-0.5051537499116956
169.34691190719604,8465224,0.31546241881293263,0.3830322166915453,0.3286076696421718,-0.14927019969463307,0.4731653680179689,-0.5065564442854287
169.4623007774353,8465219,0.3167849592827602,0.38178983007784884,0.3276858989975304,-0.14854881417785334,0.47432760082512754,-0.5060354435177783
169.57491493225098,8465218,0.3155826497646442,0.3819501380278771,0.3286477466267464,-0.14750681287593143,0.47452798579211414,-0.5066766752318538
169.67852115631104,8465219,0.31546241881293263,0.38074782840357374,0.32932905536483315,-0.14822819839263499,0.47376652291793303,-0.5079591386614257
169.7909173965454,8465217,0.31566280373246197,0.38070775141613306,0.32796643788926133,-0.14718619709074646,0.4745680627855197,-0.5064762903211544
169.89571905136108,8465216,0.3163441124592395,0.38170967610284867,0.3278061299511169,-0.14862896812415957,0.47448790879871133,-0.5051537499116956
170.00650835037231,8465214,0.3147410331030453,0.38211044597794275,0.3273252061368831,-0.1492301227214772,0.4747684477525895,-0.5058751355893332
170.11448860168457,8465216,0.3167448822987936,0.38191006104036657,0.327886283920185,-0.14846866023154778,0.4730451370380506,-0.5065163673032905
170.22346019744873,8465219,0.3152219569095642,0.3821905999529896,0.3286076696421718,-0.14806789050002972,0.4738466769046419,-0.5065163673032905
170.3325583934784,8465220,0.31614372753953834,0.38158944514036586,0.32856759265759927,-0.14786750563427672,0.47420736984496875,-0.5073980609107547
170.4414541721344,8465220,0.3160234965877419,0.38070775141613306,0.32724505216787325,-0.1482682753657867,0.47597075755646256,-0.5058350586072266
170.5534086227417,8465221,0.316905190234672,0.38227075392804577,0.3275255910594442,-0.14850873720470048,0.47424744683835224,-0.5050335189654808
170.65649914741516,8465223,0.3158231116681217,0.3802669045544392,0.32808666884289145,-0.14798773655372804,0.4737264459245827,-0.5076385228038549
170.76753449440002,8465223,0.3163841894431858,0.38170967610284867,0.328046591858346,-0.14762704379537844,0.4740871388648349,-0.5068770601425995
170.87446784973145,8465222,0.3155024957968345,0.3806275974412587,0.3270446672453848,-0.14674535038613346,0.47472837075917,-0.5076385228038549
170.98594331741333,8465221,0.31782696086660245,0.38215052296546503,0.3275255910594442,-0.14810796747318078,0.47364629193789043,-0.507478214875114
171.09248089790344,8465221,0.3153021108773456,0.3815493681528763,0.3274855140749278,-0.14910989180201073,0.4744478318053112,-0.5061155974820118
171.2015335559845,8465223,0.3158631886520417,0.3814291371904215,0.32740536010590127,-0.14858889115100637,0.4740871388648349,-0.5065965212675685
171.31476306915283,8465224,0.3148211870707783,0.3831123706666996,0.3281668228119886,-0.14878927601677397,0.4744077548119139,-0.5065163673032905
171.4228858947754,8465226,0.3158631886520417,0.38166959911535203,0.32812674582743906,-0.1493904306141016,0.47416729285158804,-0.5077587537504301
171.5300178527832,8465228,0.316905190234672,0.3803470585292717,0.32812674582743906,-0.147907582607427,0.47420736984496875,-0.5059552895535521
171.6334834098816,8465230,0.3158231116681217,0.38174975309034753,0.3266839743850363,-0.14766712076852775,0.4733657529845545,-0.5065564442854287
171.74846649169922,8465229,0.315021571990146,0.38191006104036657,0.32896836250341804,-0.14778735168797666,0.4748886787328645,-0.5068770601425995
171.85977363586426,8465229,0.31630403547529523,0.3820302920029053,0.32688435930743137,-0.14894958390939103,0.47348598396453906,-0.5059953665356642
171.96459102630615,8465230,0.31698534420262336,0.38239098489064755,0.3273252061368831,-0.14822819839263499,0.47464821677233937,-0.50643621333902
172.0780189037323,8465230,0.3177868838825832,0.3823108309155774,0.32676412835398816,-0.14854881417785334,0.47160236528096916,-0.507478214875114
172.18705821037292,8465231,0.3155425727807383,0.380948213340812,0.3276458220130058,-0.1475869668222293,0.4746081397789282,-0.5061556744641313
172.28756999969482,8465230,0.3147811100869108,0.3815493681528763,0.32880805456506557,-0.14798773655372804,0.47464821677233937,-0.5075182918572965
172.4063320159912,8465226,0.3156227267485521,0.38211044597794275,0.32796643788926133,-0.14906981482885556,0.4756902186020022,-0.5052739808579271
172.51397562026978,8465222,0.3152620338934539,0.3821905999529896,0.32916874742640556,-0.14698581222501092,0.4746081397789282,-0.5070373680712293
172.62066626548767,8465222,0.31654449737899126,0.3823108309155774,0.3276057450284831,-0.14906981482885556,0.47260429011189636,-0.506997291089069
172.72943782806396,8465220,0.31626395849135297,0.38010659660480206,0.327124821214374,-0.14686558130557148,0.4753696026542141,-0.5077186767682366
172.84092259407043,8465219,0.31574295770028776,0.3818699840528583,0.3286477466267464,-0.14786750563427672,0.47516921768693665,-0.50643621333902
172.94644570350647,8465219,0.31734603705850484,0.38199021501539004,0.327766052966586,-0.14822819839263499,0.4738466769046419,-0.50643621333902
173.0599582195282,8465220,0.3146608791353204,0.38239098489064755,0.32972982521104804,-0.14814804444633203,0.47544975664114447,-0.5066766752318538
173.168297290802,8465216,0.3167448822987936,0.38174975309034753,0.3284473617038942,-0.1475869668222293,0.4738065999112861,-0.5077587537504301
173.27541542053223,8465211,0.315021571990146,0.380587520453825,0.32876797758048265,-0.14682550433242533,0.47464821677233937,-0.5071175220355554
173.38831329345703,8465208,0.3150616489740256,0.38291198572883145,0.32792636090472216,-0.14955073850672862,0.47388675389800045,-0.5069572141069106
173.49540519714355,8465204,0.31614372753953834,0.3818699840528583,0.3270446672453848,-0.14878927601677397,0.4745680627855197,-0.5049934419834129
173.60159277915955,8465200,0.3159032656359637,0.38106844430318293,0.32652366644715763,-0.1495106615335716,0.47581044958246865,-0.5054743657683497
173.71214079856873,8465198,0.3156227267485521,0.38102836731572365,0.3278462069356499,-0.1480278135268788,0.4738466769046419,-0.5068770601425995
173.8218002319336,8465196,0.31514180294179084,0.38166959911535203,0.32840728471933006,-0.14842858325839522,0.4753696026542141,-0.5071976759998887
173.92987608909607,8465195,0.3160635735716721,0.38235090790311127,0.32796643788926133,-0.14886942996308217,0.47424744683835224,-0.5070774450533914
174.03844547271729,8465195,0.31574295770028776,0.3811085212906446,0.32724505216787325,-0.14822819839263499,0.47400698487809284,-0.5064762903211544
174.1465232372284,8465196,0.3155024957968345,0.38243106187818615,0.32836720773476796,-0.1495106615335716,0.4740470618714625,-0.5062358284283761
174.2564640045166,8465193,0.31566280373246197,0.37910467192041225,0.3267240513695112,-0.14722627406389402,0.4748085247460117,-0.5072377529820582
174.36866092681885,8465196,0.31566280373246197,0.38106844430318293,0.3276057450284831,-0.14706596617130466,0.47420736984496875,-0.5058350586072266
174.46864914894104,8465197,0.3155024957968345,0.37998636564259863,0.32812674582743906,-0.14718619709074646,0.47420736984496875,-0.5066766752318538
174.57671642303467,8465194,0.31546241881293263,0.38118867526557487,0.32724505216787325,-0.14862896812415957,0.47436767781851935,-0.5077988307326256
174.6919527053833,8465194,0.31454064818374816,0.38239098489064755,0.3289282855188268,-0.1483083523389386,0.4748886787328645,-0.5065163673032905
174.79657578468323,8465193,0.3158231116681217,0.3822306769405165,0.32700459026089335,-0.1483083523389386,0.47424744683835224,-0.5053541348220906
174.90654850006104,8465193,0.31534218786123935,0.38030698154185427,0.3272851291523771,-0.14870912207046644,0.47376652291793303,-0.5063961363568875
175.01858282089233,8465189,0.31626395849135297,0.3821905999529896,0.3275255910594442,-0.15051258586254776,0.47364629193789043,-0.5063961363568875
175.12354969978333,8465191,0.3141799553291403,0.3823108309155774,0.32904851647260686,-0.14870912207046644,0.4745680627855197,-0.5062759054105012
175.23162508010864,8465194,0.3164242664271341,0.38211044597794275,0.328327130750208,-0.14935035364094526,0.47376652291793303,-0.5056747506788184
175.34414172172546,8465195,0.31510172595790725,0.38207036899042285,0.32796643788926133,-0.14886942996308217,0.4750089097131645,-0.5073579839285778
175.45319175720215,8465197,0.31662465134690615,0.38235090790311127,0.3280065148738026,-0.14842858325839522,0.4768123744206597,-0.5062759054105012
175.55852341651917,8465200,0.31654449737899126,0.38002644262999746,0.32688435930743137,-0.1475869668222293,0.4740871388648349,-0.5075583688394808
175.66315579414368,8465202,0.3157830346842037,0.380587520453825,0.3270446672453848,-0.14746673590278275,0.4747684477525895,-0.5082797545191153
175.77754616737366,8465203,0.31738611404250183,0.38054744346639363,0.32772597598205716,-0.14850873720470048,0.47340582997787994,-0.5059152125714417
175.88260126113892,8465200,0.3155024957968345,0.38178983007784884,0.3284874386884605,-0.14762704379537844,0.47284475207157545,-0.5076785997860448
175.99385476112366,8465194,0.31514180294179084,0.3811085212906446,0.3281668228119886,-0.14722627406389402,0.4748886787328645,-0.5063560593747569
176.10283660888672,8465191,0.3143001862806581,0.3826314468159141,0.3281668228119886,-0.14750681287593143,0.476451681478711,-0.5063961363568875
176.21219515800476,8465189,0.31782696086660245,0.38291198572883145,0.325321356914123,-0.1483885062852429,0.47368636893123517,-0.507878984697022
176.31960487365723,8465186,0.3161036505556042,0.3819501380278771,0.3276057450284831,-0.14850873720470048,0.47520929468038653,-0.5077587537504301
176.42985105514526,8465185,0.3164643434110845,0.3815493681528763,0.327886283920185,-0.1492301227214772,0.47308521403135395,-0.5070774450533914
176.5371823310852,8465186,0.31454064818374816,0.38247113886572703,0.32920882441100935,-0.14766712076852775,0.4751291406934894,-0.5072377529820582
176.6439082622528,8465184,0.3160635735716721,0.3827116007910216,0.3286477466267464,-0.1497511233725162,0.4732455220045948,-0.5063560593747569
176.75147223472595,8465181,0.31614372753953834,0.38182990706535236,0.3264034354937703,-0.14878927601677397,0.4746882937657532,-0.5053541348220906
176.85985279083252,8465179,0.3161036505556042,0.380587520453825,0.3278061299511169,-0.14634458065468336,0.475529910628086,-0.5067568291961465
176.96359181404114,8465182,0.31498149500626843,0.38174975309034753,0.3275255910594442,-0.1489896608825457,0.47544975664114447,-0.5060354435177783
177.07260632514954,8465179,0.3165044203950369,0.3823108309155774,0.3286076696421718,-0.14943050758725807,0.4733657529845545,-0.5080793696080455
177.17651104927063,8465176,0.31546241881293263,0.3811085212906446,0.32756566804396264,-0.14822819839263499,0.47400698487809284,-0.507478214875114
177.28723120689392,8465173,0.3147009561191818,0.38207036899042285,0.32876797758048265,-0.14798773655372804,0.47544975664114447,-0.5070373680712293
177.4040765762329,8465170,0.3154223418290329,0.38235090790311127,0.327886283920185,-0.14814804444633203,0.4748486017394367,-0.5081194465902558
177.5126838684082,8465167,0.31654449737899126,0.38255129284081596,0.32820689979654033,-0.14943050758725807,0.4736062149445484,-0.5063560593747569
177.61960220336914,8465167,0.31546241881293263,0.3831123706666996,0.3276458220130058,-0.14870912207046644,0.47276459808500476,-0.5063961363568875
177.72510480880737,8465168,0.3164242664271341,0.3828318317537005,0.3275255910594442,-0.15047250888938665,0.4744478318053112,-0.5067568291961465
177.84002113342285,8465171,0.3147811100869108,0.3828719087412648,0.32756566804396264,-0.14842858325839522,0.47621121951753675,-0.5071175220355554
177.93985724449158,8465174,0.3150616489740256,0.3809882903282667,0.3285275156730288,-0.14770719774167723,0.4746081397789282,-0.50643621333902
178.0546112060547,8465174,0.3158231116681217,0.3811485982781086,0.3276458220130058,-0.1495106615335716,0.4738466769046419,-0.5066365982497102
178.1615982055664,8465176,0.31594334261988777,0.38158944514036586,0.327766052966586,-0.14714612011759903,0.4744077548119139,-0.5081595235724679
178.27246499061584,8465178,0.31514180294179084,0.3809882903282667,0.3275255910594442,-0.1475468898490803,0.475529910628086,-0.5071976759998887
178.37767720222473,8465178,0.3153822648451351,0.38275167777857894,0.32740536010590127,-0.1482682753657867,0.47424744683835224,-0.506997291089069
178.49474930763245,8465180,0.3172258061065261,0.3818699840528583,0.32756566804396264,-0.14854881417785334,0.4735661379512092,-0.5074381378929335
178.6030387878418,8465182,0.31518187992567653,0.38191006104036657,0.3281668228119886,-0.14919004574832154,0.47428752383173856,-0.5049132880192825
178.7099997997284,8465182,0.31654449737899126,0.38158944514036586,0.3284473617038942,-0.14794765958057743,0.47492875572629506,-0.508039292625837
178.81898498535156,8465181,0.31714565213855045,0.38166959911535203,0.32756566804396264,-0.14842858325839522,0.47452798579211414,-0.5061957514462528
178.92348504066467,8465179,0.3152219569095642,0.38066767442869476,0.3272851291523771,-0.1475468898490803,0.4740871388648349,-0.5063560593747569
179.02970242500305,8465181,0.3144204172321941,0.3803470585292717,0.32912867044180394,-0.14766712076852775,0.47432760082512754,-0.5066766752318538
179.14050817489624,8465182,0.3147410331030453,0.3809882903282667,0.3273252061368831,-0.14550296421868786,0.4760909885369872,-0.5076785997860448
179.25285816192627,8465186,0.31514180294179084,0.38174975309034753,0.3271648981988716,-0.14906981482885556,0.47605091154347623,-0.5063159823926281
179.36190390586853,8465185,0.314620802151461,0.3812688292405144,0.3276057450284831,-0.14870912207046644,0.47420736984496875,-0.5067969061782956
179.4646189212799,8465184,0.31566280373246197,0.38243106187818615,0.32684428232294827,-0.14935035364094526,0.47544975664114447,-0.5055945967146254
179.57870483398438,8465184,0.3154223418290329,0.38182990706535236,0.3274855140749278,-0.14834842931209063,0.4746081397789282,-0.5063159823926281
179.67950439453125,8465184,0.3147410331030453,0.38078790539101676,0.3289282855188268,-0.1498312773188324,0.47416729285158804,-0.5062358284283761
179.78798007965088,8465181,0.31622388150741276,0.3825112158532703,0.32796643788926133,-0.14818812141948343,0.4744077548119139,-0.5065163673032905
179.90656089782715,8465178,0.3164242664271341,0.3825112158532703,0.32812674582743906,-0.14874919904362013,0.47388675389800045,-0.5070774450533914
180.0150887966156,8465176,0.316905190234672,0.3812688292405144,0.32740536010590127,-0.1482682753657867,0.47352606095787275,-0.5052739808579271
180.12583780288696,8465174,0.31566280373246197,0.3839139104187573,0.3278462069356499,-0.14927019969463307,0.4744077548119139,-0.5072377529820582
180.23065900802612,8465172,0.3152219569095642,0.3814692141779041,0.3287279005959018,-0.14742665892963425,0.47597075755646256,-0.5062759054105012
180.34050154685974,8465170,0.31698534420262336,0.38239098489064755,0.327766052966586,-0.1489095069362365,0.4721634431860761,-0.5071175220355554
180.44851660728455,8465170,0.31626395849135297,0.38182990706535236,0.327766052966586,-0.14774727471482688,0.47392683089136184,-0.5067167522139993
180.5591697692871,8465171,0.31458072516760355,0.38162952212785783,0.32912867044180394,-0.1475468898490803,0.47544975664114447,-0.5065564442854287
180.66262435913086,8465174,0.3165044203950369,0.3812287522530435,0.3264034354937703,-0.14774727471482688,0.4748085247460117,-0.5069572141069106
180.77450227737427,8465177,0.3152219569095642,0.38255129284081596,0.327766052966586,-0.14842858325839522,0.4744478318053112,-0.5067568291961465
180.88264513015747,8465176,0.3160635735716721,0.38106844430318293,0.32836720773476796,-0.14774727471482688,0.47428752383173856,-0.5075984458216669
180.995130777359,8465175,0.3159032656359637,0.38191006104036657,0.3275255910594442,-0.14842858325839522,0.475089063700045,-0.5071575990177211
181.0967833995819,8465177,0.3157830346842037,0.3813489832154633,0.3272851291523771,-0.14902973785570053,0.475529910628086,-0.5076385228038549
181.20748019218445,8465179,0.3155425727807383,0.37998636564259863,0.3270446672453848,-0.14794765958057743,0.4738065999112861,-0.5055945967146254
181.3147327899933,8465184,0.3155425727807383,0.3813890602029412,0.3280065148738026,-0.14814804444633203,0.47428752383173856,-0.5071575990177211
181.4296989440918,8465186,0.3170654981705828,0.38106844430318293,0.327886283920185,-0.14967096942620067,0.4734459069712081,-0.5069572141069106
181.53562688827515,8465186,0.3163441124592395,0.3819501380278771,0.32692443629191664,-0.14870912207046644,0.4747684477525895,-0.5065564442854287
181.6435980796814,8465188,0.3149414180223929,0.3813489832154633,0.32880805456506557,-0.14814804444633203,0.47556998762156094,-0.5071575990177211
181.75041937828064,8465194,0.31534218786123935,0.38178983007784884,0.3276057450284831,-0.14878927601677397,0.4737264459245827,-0.5078389077148228
181.86603140830994,8465196,0.31662465134690615,0.3801466735922079,0.3275255910594442,-0.1467854273592793,0.47532952566075304,-0.5077186767682366
181.9743754863739,8465200,0.31718572912253723,0.38255129284081596,0.3278061299511169,-0.1483083523389386,0.47364629193789043,-0.5073179069464028
182.0816433429718,8465206,0.31630403547529523,0.38275167777857894,0.32812674582743906,-0.1482682753657867,0.4748486017394367,-0.5061556744641313
182.19348669052124,8465207,0.31454064818374816,0.3823108309155774,0.3266839743850363,-0.14914996877516604,0.4749688327197284,-0.505634673696721
182.29760360717773,8465207,0.3161036505556042,0.38299213970397167,0.32876797758048265,-0.14798773655372804,0.47464821677233937,-0.5063159823926281
182.406489610672,8465202,0.3175063449945049,0.38335283259221864,0.32772597598205716,-0.14842858325839522,0.47416729285158804,-0.5059953665356642
182.51448726654053,8465196,0.31534218786123935,0.38170967610284867,0.32868782361132304,-0.14902973785570053,0.4736062149445484,-0.5058350586072266
182.62803292274475,8465192,0.3153822648451351,0.3823108309155774,0.3295695172725371,-0.14874919904362013,0.47368636893123517,-0.5074381378929335
182.7338104248047,8465190,0.3163841894431858,0.38106844430318293,0.327124821214374,-0.14646481157411678,0.47472837075917,-0.5077988307326256
182.84250116348267,8465192,0.31498149500626843,0.38166959911535203,0.32608281961816193,-0.14858889115100637,0.4762913735045837,-0.5068369831604467
182.95693492889404,8465191,0.3164643434110845,0.381509291165389,0.32856759265759927,-0.14902973785570053,0.47436767781851935,-0.5055945967146254
183.06486010551453,8465188,0.3165044203950369,0.38211044597794275,0.32840728471933006,-0.1475869668222293,0.4748486017394367,-0.5071175220355554
183.17363023757935,8465181,0.31498149500626843,0.38158944514036586,0.32908859345720437,-0.14730642801018962,0.4752894486672948,-0.5066766752318538
183.28182554244995,8465174,0.3152219569095642,0.3820302920029053,0.32676412835398816,-0.1483885062852429,0.4748085247460117,-0.507478214875114
183.39102625846863,8465170,0.3164242664271341,0.3815493681528763,0.3270446672453848,-0.14987135429199078,0.47296498305145235,-0.5072377529820582
183.49659085273743,8465166,0.31662465134690615,0.38227075392804577,0.3273252061368831,-0.14943050758725807,0.4736062149445484,-0.5049132880192825
183.60361742973328,8465160,0.3149414180223929,0.38247113886572703,0.3276458220130058,-0.14935035364094526,0.47597075755646256,-0.5053942118041751
183.71494913101196,8465154,0.31454064818374816,0.380948213340812,0.32856759265759927,-0.14526250237984417,0.4750089097131645,-0.5079591386614257
183.81896090507507,8465151,0.3155024957968345,0.3814692141779041,0.32808666884289145,-0.14902973785570053,0.47416729285158804,-0.5065564442854287
183.92751741409302,8465146,0.3159834196038138,0.3821905999529896,0.32676412835398816,-0.1489095069362365,0.473285598997912,-0.506997291089069
184.03850293159485,8465143,0.31574295770028776,0.3789443639710445,0.328046591858346,-0.14686558130557148,0.4738065999112861,-0.5067167522139993
184.15100860595703,8465140,0.3155425727807383,0.3802268275670264,0.3290084394880114,-0.14662511946669682,0.47448790879871133,-0.5067568291961465
184.25368094444275,8465141,0.31458072516760355,0.38207036899042285,0.32812674582743906,-0.14834842931209063,0.4750089097131645,-0.5073579839285778
184.36631560325623,8465144,0.3173059600745099,0.3820302920029053,0.3266839743850363,-0.14910989180201073,0.47585052657596294,-0.5068369831604467
184.46862864494324,8465144,0.3165044203950369,0.3814291371904215,0.32820689979654033,-0.14822819839263499,0.47432760082512754,-0.5067969061782956
184.58071398735046,8465146,0.3161036505556042,0.3828719087412648,0.3284874386884605,-0.1478274286611266,0.47412721585821005,-0.507919061679223
184.68451261520386,8465145,0.3167448822987936,0.38215052296546503,0.3280065148738026,-0.14730642801018962,0.4716424422741732,-0.5072377529820582
184.79357624053955,8465143,0.3149013410385193,0.3819501380278771,0.32772597598205716,-0.1483885062852429,0.47532952566075304,-0.5086003703769236
184.89686393737793,8465142,0.3153822648451351,0.38066767442869476,0.3276458220130058,-0.1489896608825457,0.47364629193789043,-0.5071575990177211
185.00662541389465,8465139,0.3160635735716721,0.38379367945588894,0.3273252061368831,-0.1480278135268788,0.47492875572629506,-0.5071175220355554
185.12515139579773,8465136,0.31458072516760355,0.38054744346639363,0.3274855140749278,-0.14606404184267746,0.4745680627855197,-0.506997291089069
185.23397493362427,8465137,0.31738611404250183,0.38162952212785783,0.3273252061368831,-0.14878927601677397,0.47420736984496875,-0.5068369831604467
185.34303331375122,8465137,0.3147410331030453,0.38275167777857894,0.3278061299511169,-0.14846866023154778,0.476411604485175,-0.506075520499894
185.4505443572998,8465140,0.31614372753953834,0.3812287522530435,0.32876797758048265,-0.14774727471482688,0.4744478318053112,-0.5069572141069106
185.55987000465393,8465142,0.3133383386690228,0.38178983007784884,0.32772597598205716,-0.14882935298992797,0.47621121951753675,-0.5046728261269355
185.6666624546051,8465140,0.3149013410385193,0.38166959911535203,0.32808666884289145,-0.1499114312651493,0.4745680627855197,-0.5063560593747569
185.7707715034485,8465138,0.31534218786123935,0.37986613468041613,0.32880805456506557,-0.1475468898490803,0.47581044958246865,-0.5061155974820118
185.87842297554016,8465139,0.3152219569095642,0.37950544179399404,0.3270847442298783,-0.14798773655372804,0.4740871388648349,-0.5067568291961465
185.993882894516,8465140,0.31534218786123935,0.38215052296546503,0.3270446672453848,-0.14854881417785334,0.4738466769046419,-0.5063961363568875
186.09670495986938,8465141,0.3167849592827602,0.38235090790311127,0.3276458220130058,-0.14882935298992797,0.47400698487809284,-0.5075984458216669
186.20746660232544,8465138,0.3160234965877419,0.3827917547661385,0.3272049751833714,-0.14927019969463307,0.4744077548119139,-0.506075520499894
186.31833124160767,8465138,0.3155826497646442,0.38174975309034753,0.32684428232294827,-0.14894958390939103,0.47432760082512754,-0.5066766752318538
186.42689394950867,8465139,0.3158631886520417,0.38291198572883145,0.327886283920185,-0.14778735168797666,0.47340582997787994,-0.5071575990177211
186.53461623191833,8465134,0.3153822648451351,0.38118867526557487,0.3274454370904135,-0.14746673590278275,0.47544975664114447,-0.5071175220355554
186.64354467391968,8465134,0.3146608791353204,0.38182990706535236,0.328046591858346,-0.1478274286611266,0.47416729285158804,-0.5067568291961465
186.75367903709412,8465133,0.315021571990146,0.38130890622798763,0.32828705376565,-0.14894958390939103,0.4737264459245827,-0.506997291089069
186.86155366897583,8465132,0.315021571990146,0.3835932945178218,0.328327130750208,-0.14910989180201073,0.473285598997912,-0.5067969061782956
186.96857953071594,8465132,0.31630403547529523,0.3827917547661385,0.3266839743850363,-0.1492301227214772,0.4730451370380506,-0.5063560593747569
187.07751512527466,8465132,0.3155425727807383,0.3820302920029053,0.32680420533846716,-0.1478274286611266,0.47729329834360834,-0.5059953665356642
187.18970203399658,8465130,0.3165845743629477,0.38299213970397167,0.32792636090472216,-0.14834842931209063,0.4733657529845545,-0.5071175220355554
187.290944814682,8465130,0.315021571990146,0.381509291165389,0.32868782361132304,-0.1483083523389386,0.47092105639692233,-0.5057949816251217
187.4021496772766,8465125,0.3155425727807383,0.38170967610284867,0.32936913234944526,-0.14770719774167723,0.4744077548119139,-0.5069171371247542
187.50827527046204,8465121,0.31630403547529523,0.38118867526557487,0.32756566804396264,-0.14766712076852775,0.47412721585821005,-0.5066365982497102
187.6215465068817,8465124,0.3155024957968345,0.3815493681528763,0.3274855140749278,-0.14947058456041476,0.47364629193789043,-0.5057949816251217
187.73170518875122,8465127,0.3160234965877419,0.38082798237846205,0.32836720773476796,-0.14814804444633203,0.47376652291793303,-0.5051136729296222
187.83964467048645,8465125,0.3149013410385193,0.3827917547661385,0.32772597598205716,-0.1480278135268788,0.4733657529845545,-0.5077587537504301
187.94765090942383,8465120,0.3155425727807383,0.38130890622798763,0.32868782361132304,-0.1467854273592793,0.4744077548119139,-0.5071575990177211
188.05121612548828,8465120,0.3156227267485521,0.38170967610284867,0.32908859345720437,-0.14786750563427672,0.47364629193789043,-0.5061155974820118
188.16260719299316,8465124,0.3147811100869108,0.38295206271640037,0.3281668228119886,-0.14874919904362013,0.47420736984496875,-0.5072778299642295
188.27698922157288,8465124,0.3153021108773456,0.379705826730872,0.3271648981988716,-0.14778735168797666,0.4745680627855197,-0.5069572141069106
188.38166451454163,8465125,0.31458072516760355,0.38066767442869476,0.32700459026089335,-0.14854881417785334,0.4744478318053112,-0.5072377529820582
188.49046087265015,8465126,0.3143803402483467,0.38207036899042285,0.32820689979654033,-0.14910989180201073,0.4733657529845545,-0.5057949816251217
188.60311079025269,8465128,0.3170654981705828,0.38178983007784884,0.3270446672453848,-0.14730642801018962,0.4733256759912318,-0.5076385228038549
188.70749044418335,8465129,0.31534218786123935,0.38106844430318293,0.3274454370904135,-0.1470258891981577,0.47400698487809284,-0.5075182918572965
188.81592965126038,8465131,0.31486126405464776,0.38086805936590973,0.32792636090472216,-0.1483083523389386,0.47268444409844507,-0.5067167522139993
188.9264895915985,8465133,0.316905190234672,0.3814291371904215,0.32920882441100935,-0.14714612011759903,0.4751291406934894,-0.507878984697022
189.03596568107605,8465137,0.31630403547529523,0.3814291371904215,0.32756566804396264,-0.14722627406389402,0.47352606095787275,-0.5056747506788184
189.14161705970764,8465141,0.3155024957968345,0.38351314054261143,0.32828705376565,-0.14842858325839522,0.4733657529845545,-0.5077988307326256
189.2514991760254,8465146,0.3164242664271341,0.38082798237846205,0.32792636090472216,-0.1475468898490803,0.47400698487809284,-0.5063560593747569
189.35645699501038,8465150,0.31654449737899126,0.38207036899042285,0.32772597598205716,-0.1499114312651493,0.47400698487809284,-0.5058350586072266
189.46452927589417,8465154,0.31594334261988777,0.38235090790311127,0.3280065148738026,-0.14850873720470048,0.472884829064865,-0.5073579839285778
189.5797824859619,8465156,0.3160234965877419,0.38162952212785783,0.3275255910594442,-0.14906981482885556,0.4748486017394367,-0.506997291089069
189.69088220596313,8465152,0.3142601092968168,0.38178983007784884,0.327766052966586,-0.14818812141948343,0.4746882937657532,-0.5063961363568875
189.79453587532043,8465155,0.31574295770028776,0.38078790539101676,0.32700459026089335,-0.14882935298992797,0.47376652291793303,-0.5051537499116956
189.90161514282227,8465157,0.31574295770028776,0.381509291165389,0.3276057450284831,-0.1469056582787178,0.47532952566075304,-0.5071175220355554
190.01393508911133,8465163,0.3147811100869108,0.3818699840528583,0.3273652831213912,-0.14750681287593143,0.47428752383173856,-0.5067969061782956
190.11346983909607,8465167,0.3148211870707783,0.3822306769405165,0.3286477466267464,-0.1482682753657867,0.4738466769046419,-0.5069171371247542
190.22025656700134,8465170,0.3155024957968345,0.3823108309155774,0.327766052966586,-0.1478274286611266,0.47348598396453906,-0.5071976759998887
190.3339400291443,8465173,0.3143001862806581,0.38102836731572365,0.32972982521104804,-0.14730642801018962,0.47593068056295995,-0.5072377529820582
190.44048023223877,8465175,0.3144604942160434,0.37958559576873824,0.32724505216787325,-0.14774727471482688,0.47348598396453906,-0.5056747506788184
190.54758596420288,8465177,0.31718572912253723,0.3826314468159141,0.32772597598205716,-0.14862896812415957,0.47268444409844507,-0.5066365982497102
190.66184902191162,8465183,0.3166647283308666,0.38166959911535203,0.32796643788926133,-0.14762704379537844,0.47448790879871133,-0.5069572141069106
190.765522480011,8465188,0.31670480531482914,0.38227075392804577,0.3274454370904135,-0.1482682753657867,0.472884829064865,-0.5068770601425995
190.87464261054993,8465190,0.3155024957968345,0.38074782840357374,0.3276458220130058,-0.14750681287593143,0.4736062149445484,-0.5071976759998887
190.98153138160706,8465189,0.3147811100869108,0.37918482589511004,0.327766052966586,-0.14742665892963425,0.47436767781851935,-0.5053140578400079
191.09070563316345,8465188,0.31630403547529523,0.3823108309155774,0.3274855140749278,-0.14906981482885556,0.4725241361253588,-0.5069572141069106
191.19659519195557,8465186,0.3161036505556042,0.38243106187818615,0.3266038204160928,-0.1492301227214772,0.4744478318053112,-0.5061155974820118
191.3117551803589,8465186,0.3156227267485521,0.3825112158532703,0.3278061299511169,-0.14862896812415957,0.4744478318053112,-0.5065163673032905
191.4185664653778,8465186,0.3145005711998948,0.38070775141613306,0.32828705376565,-0.1475468898490803,0.4738065999112861,-0.5073579839285778
191.52644658088684,8465187,0.3147009561191818,0.3814291371904215,0.3274454370904135,-0.14943050758725807,0.47432760082512754,-0.5073579839285778
191.63799715042114,8465187,0.3153021108773456,0.38215052296546503,0.3286076696421718,-0.14842858325839522,0.4752894486672948,-0.5067167522139993
191.7435553073883,8465186,0.3144204172321941,0.3814692141779041,0.3275255910594442,-0.14882935298992797,0.47625129651105885,-0.5062759054105012
191.85364842414856,8465186,0.31626395849135297,0.37990621166780797,0.32648358946269307,-0.14734650498333768,0.4748886787328645,-0.5073579839285778
191.96512460708618,8465184,0.3158631886520417,0.38078790539101676,0.3272049751833714,-0.14806789050002972,0.47428752383173856,-0.5063560593747569
192.0686070919037,8465183,0.3160635735716721,0.3813489832154633,0.3273252061368831,-0.14874919904362013,0.47348598396453906,-0.5065564442854287
192.17748188972473,8465180,0.31594334261988777,0.38291198572883145,0.32696451327640397,-0.14870912207046644,0.47464821677233937,-0.5072377529820582
192.2865333557129,8465176,0.31458072516760355,0.38207036899042285,0.3276057450284831,-0.14846866023154778,0.47388675389800045,-0.5070774450533914
192.39880990982056,8465174,0.3159032656359637,0.38331275560462624,0.3280065148738026,-0.1498312773188324,0.47420736984496875,-0.5054743657683497
192.5026035308838,8465174,0.31458072516760355,0.380948213340812,0.3285275156730288,-0.14774727471482688,0.4747684477525895,-0.5061556744641313
192.6139452457428,8465172,0.3155024957968345,0.380948213340812,0.3276858989975304,-0.14742665892963425,0.4740470618714625,-0.5067167522139993
192.71955800056458,8465172,0.3158631886520417,0.3822306769405165,0.32756566804396264,-0.14902973785570053,0.4733657529845545,-0.506997291089069
192.82415008544922,8465170,0.3158631886520417,0.38267152380346675,0.3276458220130058,-0.14814804444633203,0.4740871388648349,-0.5076385228038549
192.94151782989502,8465168,0.315021571990146,0.38118867526557487,0.3290084394880114,-0.14762704379537844,0.476131065530501,-0.5059552895535521
193.04669380187988,8465170,0.31614372753953834,0.37990621166780797,0.3272851291523771,-0.14718619709074646,0.4737264459245827,-0.5075583688394808
193.1545226573944,8465173,0.3137391085070633,0.38074782840357374,0.3292489013956152,-0.14762704379537844,0.4750089097131645,-0.5057949816251217
193.26595211029053,8465174,0.3164643434110845,0.3801466735922079,0.32684428232294827,-0.14866904509731294,0.47416729285158804,-0.5055144427504398
193.37151622772217,8465176,0.31518187992567653,0.38215052296546503,0.3276458220130058,-0.14842858325839522,0.4750489867066034,-0.5065965212675685
193.4786148071289,8465177,0.31630403547529523,0.380948213340812,0.3261228966026058,-0.14798773655372804,0.4732455220045948,-0.5082396775368977
193.58953881263733,8465179,0.3149013410385193,0.38106844430318293,0.3275255910594442,-0.14746673590278275,0.47364629193789043,-0.5070373680712293
193.70064997673035,8465181,0.3167448822987936,0.3815493681528763,0.328046591858346,-0.14794765958057743,0.4745680627855197,-0.5053942118041751
193.8049373626709,8465183,0.31546241881293263,0.38243106187818615,0.32688435930743137,-0.15107366348682139,0.47392683089136184,-0.504552595180787
193.9172329902649,8465181,0.31454064818374816,0.3818699840528583,0.3273252061368831,-0.14935035364094526,0.4749688327197284,-0.5059552895535521
194.0201427936554,8465178,0.31566280373246197,0.38267152380346675,0.32840728471933006,-0.14798773655372804,0.47348598396453906,-0.5072377529820582
194.12637090682983,8465179,0.3169452672186467,0.38166959911535203,0.3272049751833714,-0.14902973785570053,0.4744478318053112,-0.5059152125714417
194.2419662475586,8465181,0.315021571990146,0.38078790539101676,0.32808666884289145,-0.1475869668222293,0.47424744683835224,-0.5066766752318538
194.3475034236908,8465183,0.3163441124592395,0.3820302920029053,0.3278061299511169,-0.14706596617130466,0.47448790879871133,-0.5072778299642295
194.45753407478333,8465184,0.3142601092968168,0.38086805936590973,0.3281668228119886,-0.1480278135268788,0.47597075755646256,-0.5068369831604467
194.5683274269104,8465184,0.31654449737899126,0.38215052296546503,0.3284874386884605,-0.14766712076852775,0.47400698487809284,-0.50643621333902
194.67367100715637,8465183,0.3159834196038138,0.3815493681528763,0.327124821214374,-0.1478274286611266,0.4744478318053112,-0.5068770601425995
194.78150725364685,8465183,0.3155425727807383,0.38118867526557487,0.32692443629191664,-0.15043243191622574,0.4737264459245827,-0.5065965212675685
194.89164209365845,8465184,0.31618380452347455,0.38239098489064755,0.328046591858346,-0.14906981482885556,0.47364629193789043,-0.5072778299642295
195.00256490707397,8465183,0.3157830346842037,0.38243106187818615,0.3278462069356499,-0.14870912207046644,0.47436767781851935,-0.5078389077148228
195.10658192634583,8465182,0.3165845743629477,0.3821905999529896,0.3263232815248558,-0.14902973785570053,0.47312529102466,-0.5071575990177211
195.2172782421112,8465179,0.31570288071637387,0.38255129284081596,0.32700459026089335,-0.14910989180201073,0.47392683089136184,-0.5059152125714417
195.31774258613586,8465178,0.3165845743629477,0.38174975309034753,0.3264034354937703,-0.14814804444633203,0.47532952566075304,-0.5063961363568875
195.42911291122437,8465178,0.3147811100869108,0.37974590371825456,0.3267240513695112,-0.1469457352518643,0.4745680627855197,-0.5064762903211544
195.54586505889893,8465178,0.31486126405464776,0.38046728949153785,0.32756566804396264,-0.1465449655204065,0.4750489867066034,-0.5065965212675685
195.64967155456543,8465176,0.3163441124592395,0.38327267861703623,0.3278061299511169,-0.1483083523389386,0.473285598997912,-0.5061155974820118
195.7584879398346,8465175,0.3167448822987936,0.3823108309155774,0.32688435930743137,-0.14806789050002972,0.4748886787328645,-0.5072377529820582
195.86658787727356,8465178,0.3166647283308666,0.3820302920029053,0.3274855140749278,-0.1480278135268788,0.4728046750782887,-0.5067568291961465
195.9735734462738,8465182,0.31622388150741276,0.3823108309155774,0.3264435124782306,-0.1483885062852429,0.4748486017394367,-0.5068770601425995
196.08260798454285,8465184,0.3150616489740256,0.38227075392804577,0.32700459026089335,-0.14902973785570053,0.4745680627855197,-0.5061155974820118
196.1905472278595,8465183,0.31670480531482914,0.38239098489064755,0.3278462069356499,-0.14955073850672862,0.4738466769046419,-0.5063961363568875
196.29402589797974,8465180,0.31514180294179084,0.3803871355166914,0.327766052966586,-0.14698581222501092,0.4748085247460117,-0.5067167522139993
196.40850853919983,8465181,0.314620802151461,0.38182990706535236,0.3274855140749278,-0.14874919904362013,0.4734459069712081,-0.5056747506788184
196.51644468307495,8465182,0.31566280373246197,0.37958559576873824,0.32724505216787325,-0.1480278135268788,0.47428752383173856,-0.5059152125714417
196.62795686721802,8465181,0.3153822648451351,0.38239098489064755,0.32985005616495316,-0.14730642801018962,0.47416729285158804,-0.5067969061782956
196.73721051216125,8465180,0.3153822648451351,0.38174975309034753,0.3267240513695112,-0.14786750563427672,0.475529910628086,-0.5063159823926281
196.83700442314148,8465180,0.3167849592827602,0.38315244765428025,0.32724505216787325,-0.1493904306141016,0.47432760082512754,-0.5072377529820582
196.95153832435608,8465181,0.3155024957968345,0.3813489832154633,0.32828705376565,-0.14842858325839522,0.47416729285158804,-0.5060354435177783
197.05963110923767,8465183,0.31454064818374816,0.38275167777857894,0.32904851647260686,-0.1483083523389386,0.475529910628086,-0.5067969061782956
197.17176246643066,8465186,0.3155826497646442,0.3819501380278771,0.3278061299511169,-0.1480278135268788,0.4744077548119139,-0.5070373680712293
197.28106904029846,8465186,0.31698534420262336,0.38235090790311127,0.32696451327640397,-0.14886942996308217,0.4735661379512092,-0.5077186767682366
197.38750576972961,8465186,0.31594334261988777,0.38078790539101676,0.3271648981988716,-0.14726635103704172,0.47432760082512754,-0.5071575990177211
197.49987959861755,8465187,0.31726588309051695,0.38275167777857894,0.3273652831213912,-0.1489095069362365,0.47284475207157545,-0.5067969061782956
197.60349416732788,8465187,0.31698534420262336,0.38170967610284867,0.32680420533846716,-0.14862896812415957,0.4738065999112861,-0.5063159823926281
197.71152591705322,8465187,0.3155024957968345,0.3819501380278771,0.327766052966586,-0.14698581222501092,0.4736062149445484,-0.5066766752318538
197.822092294693,8465186,0.3160234965877419,0.3811085212906446,0.32856759265759927,-0.14822819839263499,0.4737264459245827,-0.50643621333902
197.92620301246643,8465183,0.31594334261988777,0.38182990706535236,0.3273652831213912,-0.14943050758725807,0.4745680627855197,-0.505634673696721
198.03359055519104,8465176,0.31618380452347455,0.38158944514036586,0.327766052966586,-0.14894958390939103,0.4728046750782887,-0.5070774450533914
198.1458990573883,8465174,0.31738611404250183,0.3822306769405165,0.3272049751833714,-0.14770719774167723,0.4725241361253588,-0.5081194465902558
198.25364232063293,8465171,0.3147410331030453,0.3811085212906446,0.32796643788926133,-0.14846866023154778,0.4757302955954883,-0.5057148276609176
198.3626856803894,8465167,0.3160234965877419,0.3811085212906446,0.32724505216787325,-0.14798773655372804,0.4749688327197284,-0.507478214875114
198.4717664718628,8465164,0.3161036505556042,0.3821905999529896,0.3266839743850363,-0.14902973785570053,0.4729249060581573,-0.5049934419834129
198.57740998268127,8465166,0.31574295770028776,0.38066767442869476,0.32880805456506557,-0.14710604314445178,0.4740871388648349,-0.5067969061782956
198.6875376701355,8465167,0.31726588309051695,0.38235090790311127,0.32696451327640397,-0.14874919904362013,0.4722435971725641,-0.5071575990177211
198.79679369926453,8465167,0.3155024957968345,0.3818699840528583,0.3272851291523771,-0.14810796747318078,0.47416729285158804,-0.5075583688394808
198.90575289726257,8465165,0.3175063449945049,0.38323260162944855,0.3276858989975304,-0.14858889115100637,0.4727245210917236,-0.5072778299642295
199.0140357017517,8465162,0.31458072516760355,0.38158944514036586,0.3278061299511169,-0.14858889115100637,0.47424744683835224,-0.5057949816251217
199.1195511817932,8465158,0.3158231116681217,0.38239098489064755,0.327886283920185,-0.1495106615335716,0.4735661379512092,-0.5055545197325316
199.22745299339294,8465157,0.3153021108773456,0.3811485982781086,0.32812674582743906,-0.1469056582787178,0.4749688327197284,-0.5073980609107547
199.33452653884888,8465155,0.3160234965877419,0.38367344849304164,0.3278462069356499,-0.14806789050002972,0.47412721585821005,-0.5083198315013349
199.44593334197998,8465152,0.3149013410385193,0.3819501380278771,0.3262832045404016,-0.14886942996308217,0.47492875572629506,-0.5070373680712293
199.55244517326355,8465151,0.31566280373246197,0.38166959911535203,0.3274855140749278,-0.14834842931209063,0.4740871388648349,-0.5064762903211544
199.66028904914856,8465151,0.31514180294179084,0.38235090790311127,0.32700459026089335,-0.14947058456041476,0.4734459069712081,-0.5076785997860448
199.7742462158203,8465152,0.31574295770028776,0.3815493681528763,0.32928897838022314,-0.14750681287593143,0.4729249060581573,-0.5069572141069106
199.8796854019165,8465158,0.3155425727807383,0.3812688292405144,0.3285275156730288,-0.14766712076852775,0.47368636893123517,-0.5057949816251217
199.9904284477234,8465163,0.31574295770028776,0.3834730635550097,0.32836720773476796,-0.14798773655372804,0.47428752383173856,-0.5069171371247542
200.09862565994263,8465164,0.3143402632645014,0.38166959911535203,0.32740536010590127,-0.1483885062852429,0.47605091154347623,-0.506997291089069
200.20758366584778,8465168,0.31594334261988777,0.38158944514036586,0.3263232815248558,-0.14927019969463307,0.47420736984496875,-0.507878984697022
200.31550407409668,8465172,0.3155024957968345,0.38030698154185427,0.3272049751833714,-0.1475468898490803,0.4740470618714625,-0.5071976759998887
200.42965722084045,8465173,0.3152620338934539,0.380186750579616,0.32676412835398816,-0.14878927601677397,0.4752493716738393,-0.5068369831604467
200.5331904888153,8465171,0.315021571990146,0.38243106187818615,0.3278462069356499,-0.1489896608825457,0.4733657529845545,-0.5075583688394808
200.65080523490906,8465170,0.3152620338934539,0.3812688292405144,0.32796643788926133,-0.1482682753657867,0.47492875572629506,-0.5065163673032905
200.7618248462677,8465169,0.3169452672186467,0.38255129284081596,0.3286076696421718,-0.14854881417785334,0.4740871388648349,-0.5071175220355554
200.86399221420288,8465169,0.31566280373246197,0.3815493681528763,0.32820689979654033,-0.14834842931209063,0.4725241361253588,-0.5064762903211544
200.97548818588257,8465168,0.3144604942160434,0.3820302920029053,0.32692443629191664,-0.1493904306141016,0.47472837075917,-0.5059152125714417
201.08651518821716,8465169,0.3164643434110845,0.38275167777857894,0.32692443629191664,-0.14806789050002972,0.47400698487809284,-0.5070373680712293
201.19988679885864,8465172,0.3146608791353204,0.38170967610284867,0.32820689979654033,-0.14774727471482688,0.4744077548119139,-0.5071575990177211
201.31178784370422,8465174,0.3147009561191818,0.38199021501539004,0.3286076696421718,-0.14722627406389402,0.4748085247460117,-0.5078389077148228
201.415452003479,8465178,0.31566280373246197,0.38299213970397167,0.32772597598205716,-0.14822819839263499,0.4745680627855197,-0.5065965212675685
201.52705693244934,8465182,0.31626395849135297,0.38267152380346675,0.32724505216787325,-0.1516748180842956,0.47364629193789043,-0.5054342887862615
201.63264107704163,8465185,0.31510172595790725,0.38215052296546503,0.32876797758048265,-0.14947058456041476,0.4740871388648349,-0.5061957514462528
201.74606251716614,8465185,0.3142601092968168,0.3825112158532703,0.3286076696421718,-0.1482682753657867,0.4753696026542141,-0.5071976759998887
201.8537609577179,8465179,0.3164242664271341,0.3834730635550097,0.3273652831213912,-0.14886942996308217,0.47432760082512754,-0.508039292625837
201.96293306350708,8465176,0.3148211870707783,0.3806275974412587,0.32724505216787325,-0.14810796747318078,0.4745680627855197,-0.5069171371247542
202.06865549087524,8465176,0.31618380452347455,0.3813890602029412,0.3270446672453848,-0.14866904509731294,0.4733657529845545,-0.5067969061782956
202.17756462097168,8465174,0.314620802151461,0.38235090790311127,0.32812674582743906,-0.1482682753657867,0.4740470618714625,-0.5059953665356642
202.28775095939636,8465172,0.3146608791353204,0.3835932945178218,0.3289282855188268,-0.14886942996308217,0.47364629193789043,-0.5064762903211544
202.3970308303833,8465170,0.3147811100869108,0.381509291165389,0.3276858989975304,-0.1489896608825457,0.47348598396453906,-0.5055545197325316
202.50350069999695,8465172,0.31686511325069944,0.38170967610284867,0.3262030505714995,-0.14866904509731294,0.47364629193789043,-0.5059953665356642
202.61063289642334,8465170,0.3152219569095642,0.38158944514036586,0.32772597598205716,-0.14914996877516604,0.47420736984496875,-0.5062759054105012
202.7238621711731,8465170,0.3170654981705828,0.38227075392804577,0.326363358509312,-0.14870912207046644,0.47392683089136184,-0.5071575990177211
202.8328287601471,8465174,0.3149013410385193,0.37990621166780797,0.32876797758048265,-0.14670527341298775,0.4745680627855197,-0.5067167522139993
202.93658900260925,8465174,0.3156227267485521,0.3826314468159141,0.3290084394880114,-0.14850873720470048,0.47400698487809284,-0.5069572141069106
203.04461097717285,8465171,0.3161036505556042,0.3801466735922079,0.3270847442298783,-0.1483083523389386,0.4737264459245827,-0.5068369831604467
203.1536099910736,8465164,0.3158231116681217,0.38239098489064755,0.32856759265759927,-0.14750681287593143,0.4740470618714625,-0.5064762903211544
203.26502895355225,8465158,0.31514180294179084,0.38247113886572703,0.327766052966586,-0.14902973785570053,0.47312529102466,-0.5066766752318538
203.3735761642456,8465155,0.31566280373246197,0.3822306769405165,0.3264435124782306,-0.1480278135268788,0.47376652291793303,-0.5069572141069106
203.47846031188965,8465150,0.31518187992567653,0.3814692141779041,0.3294492863186757,-0.14919004574832154,0.47412721585821005,-0.5059152125714417
203.59296703338623,8465145,0.315021571990146,0.3815493681528763,0.32700459026089335,-0.14927019969463307,0.4756100646150386,-0.5050735959475506
203.7008991241455,8465140,0.31570288071637387,0.3826314468159141,0.3270446672453848,-0.14842858325839522,0.47368636893123517,-0.5061556744641313
203.80756306648254,8465142,0.315021571990146,0.3819501380278771,0.32656374343162414,-0.1483083523389386,0.47472837075917,-0.5064762903211544
203.91247701644897,8465145,0.31570288071637387,0.38130890622798763,0.32696451327640397,-0.14778735168797666,0.47368636893123517,-0.5083198315013349
204.02646017074585,8465143,0.31662465134690615,0.38243106187818615,0.32652366644715763,-0.14894958390939103,0.47601083454996806,-0.5064762903211544
204.13461303710938,8465142,0.3155826497646442,0.38082798237846205,0.3292489013956152,-0.14714612011759903,0.4747684477525895,-0.5066365982497102
204.24694108963013,8465143,0.3167849592827602,0.38182990706535236,0.32648358946269307,-0.14959081547988579,0.4748886787328645,-0.5055545197325316
204.35045313835144,8465145,0.3150616489740256,0.3775015924284028,0.3272851291523771,-0.14674535038613346,0.4748886787328645,-0.5075984458216669
204.4633948802948,8465146,0.3158631886520417,0.38174975309034753,0.3260026656492806,-0.14834842931209063,0.4728046750782887,-0.506075520499894
204.57277584075928,8465146,0.3157830346842037,0.3813489832154633,0.327124821214374,-0.14814804444633203,0.47448790879871133,-0.5055945967146254
204.67968440055847,8465145,0.31510172595790725,0.3812287522530435,0.3275255910594442,-0.14822819839263499,0.4746081397789282,-0.5065965212675685
204.78861260414124,8465142,0.3153822648451351,0.3814692141779041,0.32676412835398816,-0.14874919904362013,0.47436767781851935,-0.505634673696721
204.89361238479614,8465143,0.31622388150741276,0.38215052296546503,0.3261228966026058,-0.1489095069362365,0.4733657529845545,-0.5057148276609176
205.00606608390808,8465146,0.31738611404250183,0.38291198572883145,0.3276458220130058,-0.14842858325839522,0.47284475207157545,-0.5077988307326256
205.1105408668518,8465148,0.31630403547529523,0.38295206271640037,0.32680420533846716,-0.14971104639935834,0.4744077548119139,-0.5065564442854287
205.22047233581543,8465153,0.31726588309051695,0.3814692141779041,0.32652366644715763,-0.14870912207046644,0.4728046750782887,-0.5059953665356642
205.32946252822876,8465156,0.3147410331030453,0.38162952212785783,0.3273252061368831,-0.14774727471482688,0.4728046750782887,-0.5068369831604467
205.44205474853516,8465158,0.31498149500626843,0.3828719087412648,0.32828705376565,-0.14854881417785334,0.47376652291793303,-0.5069572141069106
205.54745602607727,8465164,0.3153822648451351,0.38102836731572365,0.328046591858346,-0.1483083523389386,0.4740470618714625,-0.5063159823926281
205.6504418849945,8465167,0.3163441124592395,0.38235090790311127,0.3278061299511169,-0.1501919700772638,0.4730451370380506,-0.5068369831604467
205.76109528541565,8465164,0.31486126405464776,0.3811085212906446,0.3281668228119886,-0.14798773655372804,0.4746882937657532,-0.5071976759998887
205.8761510848999,8465164,0.3159032656359637,0.3815493681528763,0.3270847442298783,-0.1465850424935516,0.4748486017394367,-0.5077186767682366
205.98423671722412,8465167,0.3152620338934539,0.38247113886572703,0.3282469767810941,-0.14874919904362013,0.4732054450112804,-0.5067568291961465
206.0905623435974,8465170,0.31422003231297757,0.3815493681528763,0.3273252061368831,-0.14842858325839522,0.47436767781851935,-0.5067969061782956
206.19864511489868,8465173,0.3150616489740256,0.38102836731572365,0.3273652831213912,-0.14834842931209063,0.4740871388648349,-0.5054743657683497
206.30989050865173,8465171,0.3165044203950369,0.38118867526557487,0.32680420533846716,-0.14850873720470048,0.47424744683835224,-0.5063560593747569
206.41457390785217,8465167,0.31514180294179084,0.3812688292405144,0.32876797758048265,-0.1483885062852429,0.4738466769046419,-0.5054743657683497
206.52347207069397,8465168,0.3153021108773456,0.3813890602029412,0.3286076696421718,-0.14834842931209063,0.47236382815231676,-0.5060354435177783
206.63160133361816,8465172,0.31534218786123935,0.3802268275670264,0.32972982521104804,-0.14734650498333768,0.4740871388648349,-0.5075583688394808
206.7431366443634,8465172,0.3155425727807383,0.3827917547661385,0.3274454370904135,-0.1493904306141016,0.4733256759912318,-0.5052739808579271
206.8484811782837,8465174,0.31618380452347455,0.38191006104036657,0.32808666884289145,-0.14902973785570053,0.4736062149445484,-0.5062358284283761
206.95385003089905,8465174,0.31594334261988777,0.37950544179399404,0.32700459026089335,-0.14854881417785334,0.4746081397789282,-0.5051537499116956
207.0699107646942,8465175,0.31698534420262336,0.38243106187818615,0.3276858989975304,-0.14766712076852775,0.4730050600447501,-0.5081595235724679
207.1705837249756,8465174,0.31570288071637387,0.38191006104036657,0.328327130750208,-0.14870912207046644,0.47436767781851935,-0.5075182918572965
207.276282787323,8465174,0.31570288071637387,0.38259136982836384,0.3287279005959018,-0.14794765958057743,0.47412721585821005,-0.5070774450533914
207.39701914787292,8465173,0.31454064818374816,0.3805073664789646,0.32880805456506557,-0.1469056582787178,0.47432760082512754,-0.5063961363568875
207.50155019760132,8465170,0.31498149500626843,0.3819501380278771,0.3274855140749278,-0.14774727471482688,0.4748486017394367,-0.5072377529820582
207.61395955085754,8465169,0.31514180294179084,0.38158944514036586,0.3273252061368831,-0.14846866023154778,0.4737264459245827,-0.5051136729296222
207.7175543308258,8465169,0.3165044203950369,0.38010659660480206,0.32724505216787325,-0.1469457352518643,0.47420736984496875,-0.5066766752318538
207.82594895362854,8465166,0.31566280373246197,0.3825112158532703,0.3273652831213912,-0.14943050758725807,0.47436767781851935,-0.5057949816251217
207.93375372886658,8465163,0.3152219569095642,0.3828318317537005,0.32796643788926133,-0.14798773655372804,0.4744077548119139,-0.5067167522139993
208.04175233840942,8465160,0.31594334261988777,0.38199021501539004,0.3259225116804075,-0.14818812141948343,0.47452798579211414,-0.506997291089069
208.14962768554688,8465156,0.3163841894431858,0.38182990706535236,0.3273652831213912,-0.14854881417785334,0.47388675389800045,-0.5063159823926281
208.26218342781067,8465154,0.3164643434110845,0.3811085212906446,0.3267240513695112,-0.14862896812415957,0.4738065999112861,-0.5059152125714417
208.3699016571045,8465153,0.3156227267485521,0.38118867526557487,0.32724505216787325,-0.14822819839263499,0.47464821677233937,-0.506075520499894
208.47574591636658,8465153,0.31594334261988777,0.38106844430318293,0.3276458220130058,-0.14750681287593143,0.47376652291793303,-0.5068770601425995
208.58651876449585,8465152,0.31458072516760355,0.38199021501539004,0.3280065148738026,-0.14806789050002972,0.47452798579211414,-0.5063159823926281
208.69371223449707,8465153,0.31614372753953834,0.38158944514036586,0.3276858989975304,-0.14955073850672862,0.47388675389800045,-0.506997291089069
208.80822229385376,8465154,0.3147410331030453,0.38054744346639363,0.3284874386884605,-0.14634458065468336,0.4754898336346139,-0.5075182918572965
208.9116711616516,8465154,0.31422003231297757,0.379705826730872,0.32880805456506557,-0.1480278135268788,0.4740470618714625,-0.5079591386614257
209.01860666275024,8465157,0.31566280373246197,0.380948213340812,0.32652366644715763,-0.14686558130557148,0.47448790879871133,-0.506075520499894
209.12653493881226,8465156,0.31742619102650077,0.3819501380278771,0.32664389740056354,-0.14814804444633203,0.47388675389800045,-0.506997291089069
209.23651218414307,8465153,0.31594334261988777,0.38174975309034753,0.32792636090472216,-0.14798773655372804,0.4730451370380506,-0.5077587537504301
209.3473298549652,8465149,0.3153021108773456,0.38158944514036586,0.32812674582743906,-0.14882935298992797,0.4733657529845545,-0.5060354435177783
209.45161533355713,8465147,0.31518187992567653,0.3813489832154633,0.3262030505714995,-0.14686558130557148,0.4752894486672948,-0.5063159823926281
209.56060123443604,8465147,0.3158231116681217,0.3811085212906446,0.3270446672453848,-0.14774727471482688,0.47448790879871133,-0.5064762903211544
209.67088556289673,8465149,0.3154223418290329,0.3812287522530435,0.3274454370904135,-0.14902973785570053,0.47621121951753675,-0.5058350586072266
209.781188249588,8465149,0.3153021108773456,0.37994628865520214,0.32692443629191664,-0.14882935298992797,0.47416729285158804,-0.5061957514462528
209.88367581367493,8465146,0.31594334261988777,0.38211044597794275,0.3276057450284831,-0.15007173915778513,0.4733256759912318,-0.5065163673032905
209.99721121788025,8465143,0.3155826497646442,0.3815493681528763,0.3274855140749278,-0.14762704379537844,0.47428752383173856,-0.5078389077148228
210.10361623764038,8465143,0.3156227267485521,0.3814692141779041,0.32556181882058094,-0.14846866023154778,0.4756902186020022,-0.505634673696721
210.21154928207397,8465143,0.31570288071637387,0.3828318317537005,0.3267240513695112,-0.14770719774167723,0.47296498305145235,-0.5073179069464028
210.3187665939331,8465142,0.31566280373246197,0.380948213340812,0.327766052966586,-0.14862896812415957,0.47260429011189636,-0.5067568291961465
210.42567944526672,8465141,0.3165044203950369,0.38295206271640037,0.3276057450284831,-0.1489896608825457,0.47392683089136184,-0.50643621333902
210.5345814228058,8465137,0.3166647283308666,0.3827917547661385,0.3271648981988716,-0.14943050758725807,0.4732455220045948,-0.5053140578400079
210.64705348014832,8465133,0.31850826959524153,0.3814692141779041,0.32836720773476796,-0.14798773655372804,0.47256421311862623,-0.5078389077148228
210.75257205963135,8465129,0.3152219569095642,0.38002644262999746,0.32676412835398816,-0.14750681287593143,0.47472837075917,-0.5071175220355554
210.85597157478333,8465128,0.3145005711998948,0.38174975309034753,0.3280065148738026,-0.14910989180201073,0.47352606095787275,-0.505634673696721
210.9640691280365,8465127,0.3161036505556042,0.38030698154185427,0.3273652831213912,-0.150312200996744,0.4731653680179689,-0.5052339038758481
211.07448506355286,8465126,0.3152219569095642,0.3811485982781086,0.327886283920185,-0.1475468898490803,0.47464821677233937,-0.5085202164124604
211.18981313705444,8465125,0.31630403547529523,0.3814692141779041,0.3276458220130058,-0.14866904509731294,0.4749688327197284,-0.5063560593747569
211.2935938835144,8465122,0.31594334261988777,0.38295206271640037,0.32688435930743137,-0.14806789050002972,0.47412721585821005,-0.5073179069464028
211.40357494354248,8465118,0.3154223418290329,0.38006651961739857,0.32700459026089335,-0.14834842931209063,0.4736062149445484,-0.5068770601425995
211.51059937477112,8465116,0.3157830346842037,0.38078790539101676,0.32792636090472216,-0.1470258891981577,0.47348598396453906,-0.5075984458216669
211.62062239646912,8465117,0.3164643434110845,0.38243106187818615,0.32648358946269307,-0.14842858325839522,0.47544975664114447,-0.5065163673032905
211.72510695457458,8465117,0.31594334261988777,0.38291198572883145,0.32724505216787325,-0.14947058456041476,0.4732455220045948,-0.5069572141069106
211.84282898902893,8465114,0.3152620338934539,0.3826314468159141,0.328327130750208,-0.14774727471482688,0.47428752383173856,-0.5070373680712293
211.95288467407227,8465110,0.3155826497646442,0.380587520453825,0.32756566804396264,-0.14718619709074646,0.47400698487809284,-0.5076785997860448
212.05942606925964,8465110,0.3155425727807383,0.38158944514036586,0.32676412835398816,-0.1470258891981577,0.4752894486672948,-0.5069171371247542
212.17285633087158,8465112,0.3159032656359637,0.381509291165389,0.327766052966586,-0.14886942996308217,0.47296498305145235,-0.5061155974820118
212.27482151985168,8465113,0.3156227267485521,0.38247113886572703,0.32740536010590127,-0.14778735168797666,0.47376652291793303,-0.5081194465902558
212.3836760520935,8465111,0.31630403547529523,0.3814291371904215,0.3272851291523771,-0.14762704379537844,0.4750489867066034,-0.5075583688394808
212.49576425552368,8465112,0.3155425727807383,0.38235090790311127,0.3270847442298783,-0.1497511233725162,0.4733657529845545,-0.5072377529820582
212.60177493095398,8465115,0.3176666529305374,0.3825112158532703,0.327124821214374,-0.14842858325839522,0.473285598997912,-0.5071976759998887
212.71366691589355,8465115,0.3148211870707783,0.3812688292405144,0.32740536010590127,-0.1489095069362365,0.47388675389800045,-0.5060354435177783
212.82062125205994,8465112,0.31514180294179084,0.38106844430318293,0.32648358946269307,-0.14786750563427672,0.4748486017394367,-0.506075520499894
212.92185854911804,8465109,0.31570288071637387,0.3812688292405144,0.32688435930743137,-0.14862896812415957,0.471361903321803,-0.5063961363568875
213.03247928619385,8465108,0.3157830346842037,0.38082798237846205,0.3271648981988716,-0.1469056582787178,0.4730451370380506,-0.5098828338093472
213.14485216140747,8465108,0.31626395849135297,0.3809882903282667,0.3266839743850363,-0.14850873720470048,0.47260429011189636,-0.5061556744641313
213.25261616706848,8465112,0.3148211870707783,0.3822306769405165,0.3271648981988716,-0.1478274286611266,0.4748085247460117,-0.5070774450533914
213.36051392555237,8465116,0.3155425727807383,0.38275167777857894,0.32812674582743906,-0.147907582607427,0.4745680627855197,-0.5067969061782956
213.47573041915894,8465112,0.3159032656359637,0.38299213970397167,0.32696451327640397,-0.147907582607427,0.4744478318053112,-0.5068770601425995
213.58058667182922,8465108,0.31486126405464776,0.38118867526557487,0.3284473617038942,-0.14774727471482688,0.4751291406934894,-0.507478214875114
213.68747520446777,8465105,0.31566280373246197,0.3834329865674103,0.3275255910594442,-0.1499114312651493,0.4738065999112861,-0.5069572141069106
213.7955560684204,8465108,0.3147410331030453,0.3821905999529896,0.3272851291523771,-0.1497511233725162,0.47452798579211414,-0.5068369831604467
213.90469098091125,8465113,0.3155024957968345,0.38259136982836384,0.32820689979654033,-0.14854881417785334,0.4751291406934894,-0.507919061679223
214.00841283798218,8465112,0.3160635735716721,0.381509291165389,0.3261228966026058,-0.14878927601677397,0.4744077548119139,-0.5069572141069106
214.12587594985962,8465109,0.31574295770028776,0.38178983007784884,0.3270847442298783,-0.1469056582787178,0.4736062149445484,-0.5063560593747569
214.2305142879486,8465108,0.31630403547529523,0.38259136982836384,0.32796643788926133,-0.1480278135268788,0.4730050600447501,-0.5070373680712293
214.34054017066956,8465107,0.3152219569095642,0.38191006104036657,0.3284473617038942,-0.14742665892963425,0.4727245210917236,-0.507478214875114
214.4514079093933,8465105,0.3164643434110845,0.3825112158532703,0.3262832045404016,-0.1478274286611266,0.47424744683835224,-0.5068369831604467
214.56192088127136,8465105,0.3163441124592395,0.3784233631358555,0.3271648981988716,-0.14710604314445178,0.4733657529845545,-0.5067568291961465
214.66855454444885,8465106,0.3163441124592395,0.38130890622798763,0.3280065148738026,-0.14774727471482688,0.47448790879871133,-0.5073179069464028
214.77578997612,8465103,0.3158231116681217,0.38174975309034753,0.3278061299511169,-0.14806789050002972,0.47540967964767794,-0.5067969061782956
214.8847517967224,8465100,0.315021571990146,0.38239098489064755,0.328046591858346,-0.14806789050002972,0.47428752383173856,-0.5073579839285778
214.99284172058105,8465098,0.3158231116681217,0.3815493681528763,0.3266839743850363,-0.14874919904362013,0.4724039051455731,-0.5075583688394808
215.1017837524414,8465094,0.31510172595790725,0.3811485982781086,0.32756566804396264,-0.147907582607427,0.4732054450112804,-0.5052339038758481
215.21389937400818,8465091,0.31486126405464776,0.38207036899042285,0.3284874386884605,-0.14710604314445178,0.4745680627855197,-0.5076385228038549
215.3136751651764,8465088,0.31566280373246197,0.3802268275670264,0.327766052966586,-0.1493904306141016,0.472884829064865,-0.5065965212675685
215.4280652999878,8465093,0.3160635735716721,0.3797859807056394,0.32724505216787325,-0.1478274286611266,0.4733657529845545,-0.5056747506788184
215.53168058395386,8465096,0.31566280373246197,0.38259136982836384,0.3278061299511169,-0.14858889115100637,0.47312529102466,-0.5066365982497102
215.6414942741394,8465096,0.3157830346842037,0.38078790539101676,0.32680420533846716,-0.14818812141948343,0.47308521403135395,-0.5063159823926281
215.7495813369751,8465094,0.3152219569095642,0.38239098489064755,0.3276057450284831,-0.14798773655372804,0.4725241361253588,-0.5073579839285778
215.8575530052185,8465091,0.3170654981705828,0.38166959911535203,0.3266839743850363,-0.14882935298992797,0.4722836741658122,-0.5073179069464028
215.96302771568298,8465090,0.31630403547529523,0.38166959911535203,0.32696451327640397,-0.1498312773188324,0.473285598997912,-0.5056747506788184
216.0699827671051,8465091,0.3173059600745099,0.38102836731572365,0.3259225116804075,-0.14862896812415957,0.4737264459245827,-0.5067167522139993
216.17977738380432,8465089,0.3155826497646442,0.38086805936590973,0.3270446672453848,-0.14902973785570053,0.47625129651105885,-0.5061556744641313
216.2981779575348,8465086,0.3147009561191818,0.38199021501539004,0.32696451327640397,-0.14726635103704172,0.4734459069712081,-0.5071976759998887
216.40629363059998,8465085,0.3150616489740256,0.3806275974412587,0.32808666884289145,-0.14866904509731294,0.47472837075917,-0.5075182918572965
216.5105700492859,8465084,0.31510172595790725,0.3801466735922079,0.3273252061368831,-0.1461441957889641,0.47520929468038653,-0.508039292625837
216.62149906158447,8465080,0.31570288071637387,0.3784634401231638,0.32664389740056354,-0.14846866023154778,0.473285598997912,-0.5067167522139993
216.728595495224,8465082,0.31518187992567653,0.3811485982781086,0.3261228966026058,-0.14766712076852775,0.47400698487809284,-0.507919061679223
216.83547472953796,8465084,0.3158231116681217,0.38191006104036657,0.32808666884289145,-0.14862896812415957,0.47352606095787275,-0.5063159823926281
216.94452214241028,8465083,0.31574295770028776,0.38295206271640037,0.32652366644715763,-0.14979120034567422,0.47436767781851935,-0.5054342887862615
217.05467653274536,8465083,0.31498149500626843,0.38243106187818615,0.32676412835398816,-0.14858889115100637,0.4733256759912318,-0.5066766752318538
217.16518187522888,8465081,0.31682503626672875,0.38291198572883145,0.32756566804396264,-0.14866904509731294,0.4731653680179689,-0.5071976759998887
217.27388501167297,8465077,0.3145005711998948,0.3812688292405144,0.32688435930743137,-0.14750681287593143,0.4748085247460117,-0.5062358284283761
217.3816156387329,8465074,0.31486126405464776,0.38207036899042285,0.3290084394880114,-0.14870912207046644,0.4748886787328645,-0.5077186767682366
217.49380350112915,8465073,0.3159032656359637,0.38090813635335974,0.3266839743850363,-0.14762704379537844,0.47657191245933556,-0.5070774450533914
217.60059785842896,8465069,0.31413987834530505,0.3820302920029053,0.326363358509312,-0.1483885062852429,0.475529910628086,-0.5068770601425995
217.713764667511,8465067,0.3143803402483467,0.3814692141779041,0.32932905536483315,-0.14858889115100637,0.4749688327197284,-0.5062358284283761
217.8184688091278,8465066,0.31614372753953834,0.38215052296546503,0.3282469767810941,-0.14870912207046644,0.4724439821388322,-0.507478214875114
217.92569088935852,8465063,0.31546241881293263,0.38158944514036586,0.327766052966586,-0.14846866023154778,0.47472837075917,-0.5073980609107547
218.03197932243347,8465062,0.3167448822987936,0.3822306769405165,0.3267240513695112,-0.14874919904362013,0.4732455220045948,-0.5071175220355554
218.14688849449158,8465057,0.3149414180223929,0.380587520453825,0.3276458220130058,-0.14798773655372804,0.47420736984496875,-0.5058751355893332
218.2515354156494,8465056,0.31514180294179084,0.38066767442869476,0.3278061299511169,-0.14670527341298775,0.4748886787328645,-0.5073179069464028
218.3604817390442,8465055,0.31614372753953834,0.38267152380346675,0.3267240513695112,-0.14866904509731294,0.4737264459245827,-0.5071976759998887
218.47057819366455,8465055,0.3147811100869108,0.38118867526557487,0.3288882085342376,-0.14746673590278275,0.47520929468038653,-0.5061556744641313
218.58399271965027,8465057,0.3159834196038138,0.3814692141779041,0.32648358946269307,-0.14814804444633203,0.47428752383173856,-0.5072377529820582
218.68970727920532,8465058,0.3166647283308666,0.38215052296546503,0.3271648981988716,-0.14874919904362013,0.4737264459245827,-0.5055945967146254
218.79747772216797,8465058,0.315021571990146,0.37810274723747217,0.32772597598205716,-0.14594381092324862,0.4736062149445484,-0.5066766752318538
218.90740132331848,8465058,0.31458072516760355,0.38166959911535203,0.32700459026089335,-0.14646481157411678,0.47520929468038653,-0.5084400624480047
219.01565670967102,8465061,0.31514180294179084,0.3811485982781086,0.3286076696421718,-0.1469457352518643,0.475089063700045,-0.5068369831604467
219.1223647594452,8465063,0.3153021108773456,0.3796256727561138,0.3272049751833714,-0.1470258891981577,0.4744478318053112,-0.5084801394302316
219.23059010505676,8465063,0.3150616489740256,0.38102836731572365,0.32820689979654033,-0.1475869668222293,0.4740871388648349,-0.5075984458216669
219.34153604507446,8465063,0.3152219569095642,0.3820302920029053,0.327766052966586,-0.1478274286611266,0.4730451370380506,-0.506075520499894
219.44864535331726,8465060,0.3159032656359637,0.38307229367912127,0.327886283920185,-0.14999158521146685,0.47364629193789043,-0.5057949816251217
219.5556342601776,8465064,0.31594334261988777,0.38078790539101676,0.326363358509312,-0.14846866023154778,0.4744077548119139,-0.5063560593747569
219.65979504585266,8465065,0.31570288071637387,0.38239098489064755,0.3274855140749278,-0.14902973785570053,0.47296498305145235,-0.5058751355893332
219.77973890304565,8465064,0.3163841894431858,0.38170967610284867,0.32688435930743137,-0.1483885062852429,0.4736062149445484,-0.5061155974820118
219.8862669467926,8465068,0.31546241881293263,0.38130890622798763,0.32700459026089335,-0.14866904509731294,0.47416729285158804,-0.5065564442854287
219.99507021903992,8465068,0.31846819261118764,0.38174975309034753,0.32652366644715763,-0.1483083523389386,0.4718027502470168,-0.5077186767682366
220.10060143470764,8465071,0.3160635735716721,0.38166959911535203,0.327124821214374,-0.1495106615335716,0.47368636893123517,-0.5044323642346549
220.21050429344177,8465073,0.3147410331030453,0.38158944514036586,0.32684428232294827,-0.14910989180201073,0.47597075755646256,-0.5058751355893332
220.32510089874268,8465074,0.31518187992567653,0.3812287522530435,0.32696451327640397,-0.14862896812415957,0.47312529102466,-0.5055144427504398
220.43374609947205,8465072,0.3147009561191818,0.38102836731572365,0.3272049751833714,-0.14546288724554687,0.4746081397789282,-0.5071575990177211
220.53944873809814,8465071,0.3152620338934539,0.380948213340812,0.32676412835398816,-0.14774727471482688,0.47424744683835224,-0.5062759054105012
220.650817155838,8465070,0.3146608791353204,0.3827116007910216,0.3272851291523771,-0.14842858325839522,0.47492875572629506,-0.5065965212675685
220.7608461380005,8465069,0.31682503626672875,0.3813489832154633,0.327124821214374,-0.1493904306141016,0.4733657529845545,-0.5070373680712293
220.8656313419342,8465069,0.31570288071637387,0.38207036899042285,0.32796643788926133,-0.14902973785570053,0.4740871388648349,-0.5061957514462528
220.97371530532837,8465069,0.3147410331030453,0.380948213340812,0.328046591858346,-0.14814804444633203,0.4748886787328645,-0.506075520499894
221.08493733406067,8465068,0.31534218786123935,0.3813489832154633,0.32828705376565,-0.1465850424935516,0.47424744683835224,-0.50643621333902
221.19200992584229,8465068,0.3143803402483467,0.3830322166915453,0.3284473617038942,-0.1467854273592793,0.47376652291793303,-0.5086404473591581
221.29541420936584,8465068,0.3157830346842037,0.38130890622798763,0.328327130750208,-0.14834842931209063,0.47364629193789043,-0.5065564442854287
221.40519094467163,8465068,0.31518187992567653,0.3812688292405144,0.32808666884289145,-0.14766712076852775,0.47448790879871133,-0.5073579839285778
221.52128171920776,8465067,0.31618380452347455,0.38207036899042285,0.3273252061368831,-0.15075304770151798,0.4746081397789282,-0.5055144427504398
221.62965774536133,8465070,0.3155425727807383,0.381509291165389,0.3271648981988716,-0.15011181613094451,0.4724039051455731,-0.5058751355893332
221.7346637248993,8465073,0.3158231116681217,0.38235090790311127,0.3274454370904135,-0.14810796747318078,0.4746081397789282,-0.5067568291961465
221.84071588516235,8465073,0.3163441124592395,0.3819501380278771,0.32692443629191664,-0.14834842931209063,0.4740470618714625,-0.5072377529820582
221.95250034332275,8465072,0.31622388150741276,0.3818699840528583,0.3272851291523771,-0.14894958390939103,0.47388675389800045,-0.5069572141069106
222.05687975883484,8465070,0.3146608791353204,0.37986613468041613,0.32656374343162414,-0.1465449655204065,0.47452798579211414,-0.5072377529820582
222.16373586654663,8465069,0.3157830346842037,0.3826314468159141,0.32608281961816193,-0.14858889115100637,0.4733657529845545,-0.5065163673032905
222.2778880596161,8465071,0.3152620338934539,0.38078790539101676,0.32876797758048265,-0.14814804444633203,0.47452798579211414,-0.5056747506788184
222.384916305542,8465072,0.3144604942160434,0.3822306769405165,0.3290084394880114,-0.14766712076852775,0.4750489867066034,-0.5053942118041751
222.49051690101624,8465073,0.3167849592827602,0.3825112158532703,0.32580228072711337,-0.14822819839263499,0.47396690788472595,-0.5062759054105012
222.59967803955078,8465075,0.3152620338934539,0.38199021501539004,0.327124821214374,-0.14882935298992797,0.4736062149445484,-0.5063159823926281
222.71288466453552,8465076,0.31594334261988777,0.3792649798698171,0.32680420533846716,-0.14987135429199078,0.472884829064865,-0.5045926721628347
222.81769561767578,8465079,0.31458072516760355,0.3828318317537005,0.3286076696421718,-0.1470258891981577,0.4736062149445484,-0.5076785997860448
222.92566585540771,8465080,0.3159834196038138,0.37870390204706245,0.32724505216787325,-0.147907582607427,0.47368636893123517,-0.50643621333902
223.03466796875,8465079,0.3178670378506238,0.3821905999529896,0.32676412835398816,-0.1483083523389386,0.47308521403135395,-0.507878984697022
223.14805364608765,8465078,0.31630403547529523,0.38211044597794275,0.3278061299511169,-0.14967096942620067,0.47396690788472595,-0.5065564442854287
223.25617933273315,8465077,0.3158231116681217,0.381509291165389,0.32756566804396264,-0.1483083523389386,0.47412721585821005,-0.507919061679223
223.3596794605255,8465079,0.31361887755563006,0.3812688292405144,0.3278061299511169,-0.14866904509731294,0.475529910628086,-0.5067167522139993
223.46844792366028,8465079,0.31534218786123935,0.38166959911535203,0.327766052966586,-0.14718619709074646,0.47268444409844507,-0.5068770601425995
223.5838918685913,8465076,0.31614372753953834,0.38030698154185427,0.32604274263372024,-0.14686558130557148,0.47448790879871133,-0.5062759054105012
223.6916115283966,8465073,0.3149013410385193,0.38267152380346675,0.32812674582743906,-0.14963089245304312,0.4733657529845545,-0.5054743657683497
223.79678964614868,8465070,0.3155425727807383,0.38010659660480206,0.3262030505714995,-0.14762704379537844,0.4732054450112804,-0.5050335189654808
223.9115390777588,8465072,0.3165044203950369,0.3815493681528763,0.32652366644715763,-0.1483083523389386,0.4735661379512092,-0.5071976759998887
224.0211672782898,8465072,0.3161036505556042,0.38215052296546503,0.32664389740056354,-0.14606404184267746,0.47400698487809284,-0.5065965212675685
224.12220191955566,8465070,0.3163441124592395,0.38199021501539004,0.3259225116804075,-0.14910989180201073,0.47452798579211414,-0.5067167522139993
224.23392176628113,8465066,0.3158631886520417,0.38006651961739857,0.32688435930743137,-0.14650488854726154,0.4746882937657532,-0.5070774450533914
224.34566378593445,8465063,0.31486126405464776,0.38162952212785783,0.3272851291523771,-0.1499114312651493,0.47416729285158804,-0.5062759054105012
224.45458507537842,8465059,0.3170654981705828,0.3828719087412648,0.3264435124782306,-0.14722627406389402,0.4735661379512092,-0.5077587537504301
224.5658724308014,8465055,0.3164643434110845,0.38162952212785783,0.3258423577115427,-0.14862896812415957,0.47448790879871133,-0.5069572141069106
224.66833209991455,8465051,0.31566280373246197,0.3812287522530435,0.3276458220130058,-0.14806789050002972,0.47532952566075304,-0.5065564442854287
224.7796654701233,8465046,0.3147410331030453,0.3803470585292717,0.3281668228119886,-0.14682550433242533,0.47428752383173856,-0.507478214875114
224.89479613304138,8465044,0.3159032656359637,0.38174975309034753,0.32796643788926133,-0.14766712076852775,0.47312529102466,-0.5078389077148228
225.00654482841492,8465047,0.3148211870707783,0.38182990706535236,0.3274454370904135,-0.14870912207046644,0.47448790879871133,-0.5066365982497102
225.11373496055603,8465050,0.3154223418290329,0.3823108309155774,0.32664389740056354,-0.14866904509731294,0.47352606095787275,-0.5059152125714417
225.22836351394653,8465049,0.31654449737899126,0.3823108309155774,0.3276057450284831,-0.14842858325839522,0.47364629193789043,-0.5078389077148228
225.3328983783722,8465045,0.3159834196038138,0.3814291371904215,0.32676412835398816,-0.14642473460097216,0.47376652291793303,-0.5086003703769236
225.44015336036682,8465040,0.3147811100869108,0.38207036899042285,0.32772597598205716,-0.14810796747318078,0.47416729285158804,-0.5068369831604467
225.55658078193665,8465038,0.3150616489740256,0.38102836731572365,0.32696451327640397,-0.14927019969463307,0.47516921768693665,-0.5067568291961465
225.662677526474,8465039,0.3149414180223929,0.3813890602029412,0.3273652831213912,-0.14955073850672862,0.47260429011189636,-0.5064762903211544
225.7683882713318,8465036,0.31546241881293263,0.38166959911535203,0.3270847442298783,-0.14854881417785334,0.4751291406934894,-0.5062358284283761
225.88652420043945,8465034,0.31566280373246197,0.3809882903282667,0.32796643788926133,-0.14870912207046644,0.4748486017394367,-0.5059552895535521
225.9938657283783,8465034,0.3167448822987936,0.38191006104036657,0.32648358946269307,-0.1483885062852429,0.4729249060581573,-0.50643621333902
226.09316039085388,8465035,0.3143803402483467,0.3815493681528763,0.32812674582743906,-0.14778735168797666,0.4732054450112804,-0.506075520499894
226.20457935333252,8465033,0.31574295770028776,0.38130890622798763,0.3270847442298783,-0.14870912207046644,0.47276459808500476,-0.5046728261269355
226.32152128219604,8465034,0.31534218786123935,0.3812688292405144,0.32568204977383786,-0.14718619709074646,0.47520929468038653,-0.5070774450533914
226.4259753227234,8465032,0.31514180294179084,0.38191006104036657,0.32680420533846716,-0.14646481157411678,0.47392683089136184,-0.5068770601425995
226.53083634376526,8465029,0.3155425727807383,0.38054744346639363,0.3276057450284831,-0.14662511946669682,0.47432760082512754,-0.5075984458216669
226.64778637886047,8465027,0.3155826497646442,0.38070775141613306,0.32724505216787325,-0.14650488854726154,0.4733657529845545,-0.5075583688394808
226.75060486793518,8465030,0.3157830346842037,0.38166959911535203,0.327766052966586,-0.14778735168797666,0.4724840591320942,-0.5083198315013349
226.8648166656494,8465030,0.31754642197851,0.3822306769405165,0.327766052966586,-0.1478274286611266,0.4724840591320942,-0.5076785997860448
226.9726848602295,8465025,0.3155425727807383,0.38215052296546503,0.3276458220130058,-0.1483083523389386,0.4738466769046419,-0.5075583688394808
227.0837860107422,8465020,0.31498149500626843,0.38162952212785783,0.32724505216787325,-0.14866904509731294,0.4732054450112804,-0.5072778299642295
227.19400334358215,8465019,0.3158631886520417,0.3834329865674103,0.3276858989975304,-0.14750681287593143,0.4735661379512092,-0.5065965212675685
227.31071209907532,8465017,0.31662465134690615,0.3827116007910216,0.32664389740056354,-0.14910989180201073,0.4726443671051693,-0.5067969061782956
227.417546749115,8465016,0.31458072516760355,0.38267152380346675,0.327886283920185,-0.14814804444633203,0.4746081397789282,-0.5073980609107547
227.5327000617981,8465011,0.3161036505556042,0.38158944514036586,0.32796643788926133,-0.147907582607427,0.47388675389800045,-0.5063961363568875
227.63851714134216,8465009,0.31594334261988777,0.38070775141613306,0.32692443629191664,-0.1483885062852429,0.4735661379512092,-0.5066766752318538
227.75371384620667,8465009,0.31574295770028776,0.3831123706666996,0.328327130750208,-0.14914996877516604,0.47376652291793303,-0.5067167522139993
227.85958123207092,8465007,0.3164242664271341,0.3822306769405165,0.32656374343162414,-0.14902973785570053,0.47364629193789043,-0.5059552895535521
227.96767902374268,8465006,0.3158631886520417,0.38102836731572365,0.32812674582743906,-0.14574342605753693,0.47392683089136184,-0.507878984697022
228.08088755607605,8465005,0.31454064818374816,0.38174975309034753,0.3272049751833714,-0.14810796747318078,0.47540967964767794,-0.5064762903211544
228.1818504333496,8465003,0.31405972437764057,0.38162952212785783,0.3286477466267464,-0.14718619709074646,0.4748085247460117,-0.5066766752318538
228.2914524078369,8465001,0.3158631886520417,0.3820302920029053,0.32688435930743137,-0.1497511233725162,0.47340582997787994,-0.5073579839285778
228.40665316581726,8464999,0.3149013410385193,0.3792249028824624,0.3267240513695112,-0.14850873720470048,0.47388675389800045,-0.506075520499894
228.51602435112,8464999,0.3141799553291403,0.38178983007784884,0.3273652831213912,-0.14870912207046644,0.4744077548119139,-0.5055545197325316
228.62163496017456,8464997,0.3155425727807383,0.38235090790311127,0.3273652831213912,-0.14927019969463307,0.4724840591320942,-0.5071575990177211
228.72954964637756,8464994,0.3155425727807383,0.381509291165389,0.32596258866484296,-0.1489896608825457,0.4752493716738393,-0.5061155974820118
228.8428134918213,8464992,0.31546241881293263,0.38102836731572365,0.32700459026089335,-0.14854881417785334,0.47593068056295995,-0.5058751355893332
228.94852447509766,8464994,0.31514180294179084,0.38191006104036657,0.32700459026089335,-0.14862896812415957,0.4763715274916418,-0.50643621333902
229.05464363098145,8464997,0.3156227267485521,0.3822306769405165,0.32796643788926133,-0.1475468898490803,0.47256421311862623,-0.5077186767682366
229.15872836112976,8464994,0.31594334261988777,0.38267152380346675,0.32808666884289145,-0.14810796747318078,0.4737264459245827,-0.5082797545191153
229.2697036266327,8464994,0.3147410331030453,0.3812287522530435,0.32700459026089335,-0.1489095069362365,0.4723237511590631,-0.5057949816251217
229.38086581230164,8464997,0.31574295770028776,0.38166959911535203,0.3272851291523771,-0.14714612011759903,0.47448790879871133,-0.5055945967146254
229.49076080322266,8465000,0.3153822648451351,0.38106844430318293,0.3271648981988716,-0.1493102766677891,0.47388675389800045,-0.5061957514462528
229.5900580883026,8464997,0.31534218786123935,0.38211044597794275,0.3262832045404016,-0.1492301227214772,0.4733256759912318,-0.5054743657683497
229.70254921913147,8464993,0.3147009561191818,0.3815493681528763,0.3276858989975304,-0.14770719774167723,0.4736062149445484,-0.5065965212675685
229.81162214279175,8464989,0.31518187992567653,0.381509291165389,0.328327130750208,-0.14846866023154778,0.47420736984496875,-0.5066365982497102
229.9166383743286,8464986,0.3165845743629477,0.38239098489064755,0.3260026656492806,-0.14854881417785334,0.4726443671051693,-0.5077587537504301
230.02860164642334,8464986,0.3163441124592395,0.3819501380278771,0.3254415878673427,-0.1482682753657867,0.47424744683835224,-0.5061957514462528
230.13630509376526,8464985,0.3157830346842037,0.3826314468159141,0.32692443629191664,-0.14742665892963425,0.4750089097131645,-0.5096423719156224
230.24810433387756,8464983,0.31570288071637387,0.38118867526557487,0.3262431275559496,-0.14766712076852775,0.47368636893123517,-0.5059152125714417
230.35467958450317,8464984,0.3144604942160434,0.38166959911535203,0.3264435124782306,-0.14906981482885556,0.47436767781851935,-0.5063159823926281
230.46360683441162,8464987,0.31454064818374816,0.3815493681528763,0.3272851291523771,-0.14766712076852775,0.4757703725889771,-0.5069171371247542
230.57259321212769,8464989,0.31618380452347455,0.3811485982781086,0.3271648981988716,-0.1482682753657867,0.47352606095787275,-0.5068770601425995
230.68071031570435,8464989,0.31534218786123935,0.38118867526557487,0.3276458220130058,-0.14822819839263499,0.47544975664114447,-0.50643621333902
230.79287004470825,8464988,0.3155425727807383,0.38211044597794275,0.3274855140749278,-0.1483083523389386,0.4735661379512092,-0.5065564442854287
230.89755392074585,8464984,0.3160234965877419,0.38227075392804577,0.327124821214374,-0.14862896812415957,0.47472837075917,-0.5061957514462528
231.00178050994873,8464979,0.3156227267485521,0.3812688292405144,0.32740536010590127,-0.14594381092324862,0.47428752383173856,-0.5093217560574274
231.11709761619568,8464978,0.3157830346842037,0.3809882903282667,0.3270847442298783,-0.14814804444633203,0.47412721585821005,-0.5066766752318538
231.22170042991638,8464975,0.3158631886520417,0.381509291165389,0.3275255910594442,-0.14846866023154778,0.47376652291793303,-0.5063159823926281
231.32977414131165,8464976,0.315021571990146,0.3813890602029412,0.3273252061368831,-0.14842858325839522,0.47364629193789043,-0.5067969061782956
231.4386293888092,8464978,0.3166647283308666,0.3827917547661385,0.3284473617038942,-0.147907582607427,0.4724039051455731,-0.5061957514462528
231.5473473072052,8464983,0.3154223418290329,0.38243106187818615,0.32684428232294827,-0.1483083523389386,0.4730050600447501,-0.5071175220355554
231.64998698234558,8464984,0.3170254211866021,0.38307229367912127,0.3271648981988716,-0.147907582607427,0.4735661379512092,-0.5068770601425995
231.7589817047119,8464988,0.3152219569095642,0.38030698154185427,0.32684428232294827,-0.14710604314445178,0.4744077548119139,-0.5075583688394808
231.8738625049591,8464990,0.31514180294179084,0.3827917547661385,0.32692443629191664,-0.14806789050002972,0.4745680627855197,-0.507478214875114
231.9845733642578,8464990,0.3139795704099842,0.38299213970397167,0.3276057450284831,-0.14742665892963425,0.475089063700045,-0.5066766752318538
232.08759021759033,8464994,0.3155024957968345,0.38235090790311127,0.32676412835398816,-0.14935035364094526,0.47428752383173856,-0.50643621333902
232.19144201278687,8464999,0.3149013410385193,0.3812688292405144,0.3281668228119886,-0.1482682753657867,0.47376652291793303,-0.5062759054105012
232.29972982406616,8465004,0.31614372753953834,0.38102836731572365,0.3259225116804075,-0.1489095069362365,0.47368636893123517,-0.5053140578400079
232.40908908843994,8465003,0.3161036505556042,0.3819501380278771,0.3273652831213912,-0.14963089245304312,0.4732455220045948,-0.5065564442854287
232.5247130393982,8465004,0.316905190234672,0.38170967610284867,0.32688435930743137,-0.14846866023154778,0.47452798579211414,-0.5067167522139993
232.6326503753662,8465005,0.31566280373246197,0.38090813635335974,0.32696451327640397,-0.14822819839263499,0.47392683089136184,-0.5078389077148228
232.74275064468384,8465008,0.31594334261988777,0.38090813635335974,0.3262030505714995,-0.15043243191622574,0.47340582997787994,-0.5053942118041751
232.85167503356934,8465015,0.31566280373246197,0.3825112158532703,0.3272851291523771,-0.14842858325839522,0.47392683089136184,-0.5058751355893332
232.95978951454163,8465020,0.31618380452347455,0.38178983007784884,0.3264435124782306,-0.14886942996308217,0.4752894486672948,-0.5069171371247542
233.06795835494995,8465028,0.31622388150741276,0.3813489832154633,0.3271648981988716,-0.1482682753657867,0.4719229812266785,-0.5062358284283761
233.1777856349945,8465030,0.3127772608961037,0.38199021501539004,0.3286076696421718,-0.14770719774167723,0.475089063700045,-0.5067568291961465
233.28748393058777,8465030,0.3169452672186467,0.3828318317537005,0.326363358509312,-0.1493102766677891,0.4735661379512092,-0.5067568291961465
233.4001805782318,8465029,0.31630403547529523,0.38239098489064755,0.327124821214374,-0.14770719774167723,0.4729249060581573,-0.5081996005546818
233.50376105308533,8465027,0.3149013410385193,0.38158944514036586,0.3271648981988716,-0.14810796747318078,0.4740871388648349,-0.5061556744641313
233.61714243888855,8465033,0.315021571990146,0.38199021501539004,0.3278061299511169,-0.14814804444633203,0.4750089097131645,-0.5073980609107547
233.72368049621582,8465037,0.31622388150741276,0.38207036899042285,0.32692443629191664,-0.1478274286611266,0.47352606095787275,-0.5071976759998887
233.83269047737122,8465039,0.3158231116681217,0.3828719087412648,0.32796643788926133,-0.1489896608825457,0.47396690788472595,-0.5068369831604467
233.94392704963684,8465041,0.3155425727807383,0.38247113886572703,0.3274855140749278,-0.14798773655372804,0.4732054450112804,-0.5076385228038549
234.05275225639343,8465040,0.31534218786123935,0.38078790539101676,0.32792636090472216,-0.1483885062852429,0.47340582997787994,-0.5063961363568875
234.15763664245605,8465037,0.3152620338934539,0.38199021501539004,0.32840728471933006,-0.14710604314445178,0.47260429011189636,-0.506997291089069
234.26939415931702,8465036,0.31682503626672875,0.38215052296546503,0.3278061299511169,-0.14742665892963425,0.4735661379512092,-0.508039292625837
234.37650561332703,8465037,0.3163441124592395,0.38178983007784884,0.32688435930743137,-0.14955073850672862,0.4733256759912318,-0.5079591386614257
234.48556995391846,8465038,0.3157830346842037,0.38070775141613306,0.32692443629191664,-0.14971104639935834,0.4740470618714625,-0.5057949816251217
234.59789752960205,8465043,0.3147410331030453,0.38166959911535203,0.3266839743850363,-0.14806789050002972,0.4744478318053112,-0.5071175220355554
234.70499539375305,8465046,0.314620802151461,0.38162952212785783,0.3278061299511169,-0.1480278135268788,0.4732054450112804,-0.5063560593747569
234.81366419792175,8465049,0.31566280373246197,0.3826314468159141,0.3276057450284831,-0.147907582607427,0.47472837075917,-0.5070373680712293
234.91771864891052,8465052,0.3165044203950369,0.3827917547661385,0.32812674582743906,-0.14850873720470048,0.4733657529845545,-0.5063159823926281
235.0297348499298,8465049,0.31630403547529523,0.3823108309155774,0.32656374343162414,-0.14927019969463307,0.47368636893123517,-0.5058350586072266
235.1366581916809,8465052,0.3155826497646442,0.38235090790311127,0.3262832045404016,-0.1492301227214772,0.47348598396453906,-0.5059953665356642
235.24063277244568,8465055,0.3147009561191818,0.38170967610284867,0.3264034354937703,-0.14730642801018962,0.4740470618714625,-0.5063159823926281
235.35343408584595,8465057,0.31618380452347455,0.3812688292405144,0.3270847442298783,-0.14850873720470048,0.4728046750782887,-0.5071175220355554
235.45769906044006,8465057,0.3167849592827602,0.3813489832154633,0.3270446672453848,-0.14798773655372804,0.47544975664114447,-0.5073179069464028
235.56569242477417,8465053,0.3155826497646442,0.38239098489064755,0.3272851291523771,-0.14858889115100637,0.4727245210917236,-0.5073980609107547
235.67992687225342,8465049,0.31546241881293263,0.38211044597794275,0.3273252061368831,-0.147907582607427,0.4725241361253588,-0.5073579839285778
235.7866153717041,8465048,0.3157830346842037,0.380186750579616,0.3274454370904135,-0.14742665892963425,0.47396690788472595,-0.5066766752318538
235.89679503440857,8465046,0.31570288071637387,0.3806275974412587,0.32608281961816193,-0.14774727471482688,0.4750489867066034,-0.5061556744641313
236.0025236606598,8465043,0.31654449737899126,0.38178983007784884,0.3261629735870516,-0.14878927601677397,0.4731653680179689,-0.50643621333902
236.11058282852173,8465041,0.3157830346842037,0.38158944514036586,0.3276458220130058,-0.14750681287593143,0.47464821677233937,-0.5066365982497102
236.22471928596497,8465038,0.31534218786123935,0.38247113886572703,0.32692443629191664,-0.1483083523389386,0.4740470618714625,-0.5071976759998887
236.3324100971222,8465036,0.3160635735716721,0.379705826730872,0.327124821214374,-0.1480278135268788,0.47364629193789043,-0.5064762903211544
236.43857979774475,8465034,0.31614372753953834,0.3823108309155774,0.32604274263372024,-0.14858889115100637,0.47092105639692233,-0.5062358284283761
236.54895782470703,8465028,0.3149414180223929,0.38259136982836384,0.32656374343162414,-0.14870912207046644,0.4746081397789282,-0.5073579839285778
236.6578757762909,8465025,0.3160234965877419,0.38102836731572365,0.3271648981988716,-0.14698581222501092,0.47236382815231676,-0.5065163673032905
236.76687598228455,8465021,0.3157830346842037,0.38191006104036657,0.3266038204160928,-0.14662511946669682,0.4753696026542141,-0.5073179069464028
236.8683784008026,8465018,0.3159834196038138,0.3820302920029053,0.3273652831213912,-0.14850873720470048,0.47432760082512754,-0.5073579839285778
236.98005485534668,8465017,0.3159032656359637,0.38215052296546503,0.3264034354937703,-0.14963089245304312,0.47416729285158804,-0.5072377529820582
237.0959153175354,8465016,0.3155024957968345,0.38211044597794275,0.327886283920185,-0.14814804444633203,0.47412721585821005,-0.5076385228038549
237.20298743247986,8465016,0.31486126405464776,0.38130890622798763,0.3274454370904135,-0.14734650498333768,0.4734459069712081,-0.5074381378929335
237.30443239212036,8465017,0.3147410331030453,0.3818699840528583,0.32876797758048265,-0.1478274286611266,0.47420736984496875,-0.5071175220355554
237.4147298336029,8465017,0.3150616489740256,0.38199021501539004,0.3272049751833714,-0.14894958390939103,0.472884829064865,-0.5064762903211544
237.52978205680847,8465020,0.3155024957968345,0.38054744346639363,0.3281668228119886,-0.14706596617130466,0.4754898336346139,-0.5062759054105012
237.63885855674744,8465023,0.3156227267485521,0.3827116007910216,0.3266839743850363,-0.1483885062852429,0.4721634431860761,-0.5073579839285778
237.74785900115967,8465027,0.3163441124592395,0.381509291165389,0.3260026656492806,-0.14858889115100637,0.47340582997787994,-0.5049533650013468
237.85004472732544,8465032,0.3159834196038138,0.3828318317537005,0.3273652831213912,-0.14963089245304312,0.473285598997912,-0.5065965212675685
237.9625632762909,8465037,0.3155024957968345,0.38291198572883145,0.3275255910594442,-0.14858889115100637,0.4744077548119139,-0.5075182918572965
238.06976652145386,8465041,0.3170654981705828,0.38118867526557487,0.3272049751833714,-0.1482682753657867,0.47432760082512754,-0.5068369831604467
238.17385506629944,8465043,0.3142601092968168,0.38078790539101676,0.32836720773476796,-0.1469056582787178,0.47340582997787994,-0.5072377529820582
238.29088306427002,8465044,0.31510172595790725,0.38199021501539004,0.32724505216787325,-0.14770719774167723,0.47352606095787275,-0.5059552895535521
238.39446210861206,8465045,0.3160234965877419,0.3820302920029053,0.3278061299511169,-0.14774727471482688,0.47256421311862623,-0.5065965212675685
238.5034670829773,8465047,0.3153822648451351,0.38227075392804577,0.32740536010590127,-0.14714612011759903,0.47352606095787275,-0.5075583688394808
238.61255717277527,8465050,0.3155024957968345,0.3842345263198425,0.327766052966586,-0.1489095069362365,0.47540967964767794,-0.5077587537504301
238.72005796432495,8465053,0.3157830346842037,0.3821905999529896,0.32688435930743137,-0.1483083523389386,0.4729249060581573,-0.507878984697022
238.83260941505432,8465055,0.31622388150741276,0.3805073664789646,0.32696451327640397,-0.14742665892963425,0.4738466769046419,-0.5075984458216669
238.94507026672363,8465054,0.31518187992567653,0.38207036899042285,0.32740536010590127,-0.14686558130557148,0.4726443671051693,-0.507919061679223
239.05420517921448,8465052,0.3144604942160434,0.3818699840528583,0.32916874742640556,-0.14778735168797666,0.4732455220045948,-0.5068369831604467
239.16063952445984,8465050,0.31630403547529523,0.38030698154185427,0.32680420533846716,-0.14943050758725807,0.47276459808500476,-0.5065163673032905
239.26772618293762,8465048,0.31594334261988777,0.38178983007784884,0.32772597598205716,-0.14927019969463307,0.4738466769046419,-0.5072377529820582
239.37513756752014,8465049,0.3163441124592395,0.3806275974412587,0.32648358946269307,-0.14914996877516604,0.4730451370380506,-0.5068369831604467
239.48265743255615,8465047,0.3149414180223929,0.3823108309155774,0.3270847442298783,-0.1478274286611266,0.47340582997787994,-0.5068770601425995
239.59248113632202,8465042,0.31614372753953834,0.38247113886572703,0.3262832045404016,-0.14874919904362013,0.4744077548119139,-0.5073179069464028
239.7006492614746,8465038,0.31626395849135297,0.3797859807056394,0.3270446672453848,-0.1478274286611266,0.4737264459245827,-0.5058350586072266
239.81099367141724,8465035,0.3153822648451351,0.3806275974412587,0.32680420533846716,-0.14834842931209063,0.473285598997912,-0.506075520499894
239.91569900512695,8465031,0.3158631886520417,0.38106844430318293,0.32724505216787325,-0.14742665892963425,0.472884829064865,-0.507878984697022
240.0277750492096,8465026,0.3144604942160434,0.380587520453825,0.3276458220130058,-0.14722627406389402,0.4737264459245827,-0.5063159823926281
240.13452816009521,8465023,0.31574295770028776,0.38010659660480206,0.32676412835398816,-0.14738658195648588,0.47368636893123517,-0.5074381378929335
240.24182033538818,8465023,0.3142601092968168,0.38170967610284867,0.32688435930743137,-0.15011181613094451,0.4733657529845545,-0.5057549046430188
240.35298037528992,8465022,0.3155425727807383,0.38182990706535236,0.3267240513695112,-0.14886942996308217,0.4719229812266785,-0.5059552895535521
240.4624056816101,8465021,0.31626395849135297,0.38162952212785783,0.32828705376565,-0.14714612011759903,0.47396690788472595,-0.5070373680712293
240.57168650627136,8465020,0.3165845743629477,0.38178983007784884,0.3272049751833714,-0.15087327862100547,0.473285598997912,-0.5068369831604467
240.67852330207825,8465018,0.3146608791353204,0.380948213340812,0.3264435124782306,-0.14822819839263499,0.4746081397789282,-0.5057549046430188
240.7835214138031,8465017,0.31546241881293263,0.3818699840528583,0.3274855140749278,-0.14726635103704172,0.47296498305145235,-0.5069171371247542
240.8925621509552,8465018,0.3156227267485521,0.38215052296546503,0.3262431275559496,-0.14858889115100637,0.47400698487809284,-0.5074381378929335
241.00281143188477,8465016,0.31614372753953834,0.38207036899042285,0.3273652831213912,-0.14762704379537844,0.47416729285158804,-0.5068369831604467
241.10862970352173,8465017,0.3152219569095642,0.38070775141613306,0.3273252061368831,-0.14750681287593143,0.47412721585821005,-0.506997291089069
241.21902322769165,8465016,0.31486126405464776,0.3801466735922079,0.3276057450284831,-0.14806789050002972,0.47340582997787994,-0.5058751355893332
241.32964038848877,8465015,0.314620802151461,0.3828318317537005,0.3282469767810941,-0.14762704379537844,0.47540967964767794,-0.50643621333902
241.43360233306885,8465012,0.3143402632645014,0.3820302920029053,0.328046591858346,-0.14850873720470048,0.47392683089136184,-0.5067568291961465
241.54279351234436,8465011,0.3157830346842037,0.38174975309034753,0.32896836250341804,-0.14750681287593143,0.4730451370380506,-0.5079992156436305
241.65326738357544,8465009,0.31662465134690615,0.38315244765428025,0.32724505216787325,-0.14738658195648588,0.4725241361253588,-0.5070774450533914
241.75954675674438,8465008,0.3145005711998948,0.38182990706535236,0.3262030505714995,-0.14806789050002972,0.47556998762156094,-0.5069171371247542
241.87045764923096,8465010,0.3157830346842037,0.38162952212785783,0.32676412835398816,-0.14858889115100637,0.47400698487809284,-0.5062759054105012
241.9757354259491,8465015,0.31742619102650077,0.38118867526557487,0.32700459026089335,-0.14874919904362013,0.47208328919959924,-0.5067969061782956
242.08247566223145,8465019,0.3154223418290329,0.3815493681528763,0.32772597598205716,-0.14762704379537844,0.4738466769046419,-0.5072377529820582
242.19084405899048,8465019,0.31614372753953834,0.3820302920029053,0.3274855140749278,-0.14858889115100637,0.47256421311862623,-0.5071175220355554
242.30748748779297,8465020,0.3147009561191818,0.38162952212785783,0.3273252061368831,-0.14914996877516604,0.4747684477525895,-0.5059152125714417
242.41059398651123,8465020,0.3159834196038138,0.3823108309155774,0.32680420533846716,-0.14906981482885556,0.47208328919959924,-0.5065965212675685
242.52371263504028,8465017,0.3152620338934539,0.3831925246418632,0.32820689979654033,-0.14914996877516604,0.4737264459245827,-0.5071175220355554
242.63279128074646,8465016,0.3158231116681217,0.38178983007784884,0.32664389740056354,-0.14874919904362013,0.47601083454996806,-0.5066365982497102
242.73753666877747,8465014,0.3154223418290329,0.3814692141779041,0.3274454370904135,-0.14774727471482688,0.4734459069712081,-0.5079591386614257
242.84475111961365,8465016,0.3154223418290329,0.3820302920029053,0.32724505216787325,-0.14935035364094526,0.4729249060581573,-0.5056747506788184
242.95464825630188,8465019,0.31594334261988777,0.3814291371904215,0.32692443629191664,-0.1483885062852429,0.472884829064865,-0.5053140578400079
243.0590374469757,8465017,0.3166647283308666,0.38227075392804577,0.3264435124782306,-0.1483885062852429,0.47340582997787994,-0.506997291089069
243.17461824417114,8465017,0.3147410331030453,0.3812688292405144,0.3260026656492806,-0.14818812141948343,0.4748886787328645,-0.5073179069464028
243.27765369415283,8465018,0.3166647283308666,0.38291198572883145,0.32656374343162414,-0.14882935298992797,0.47392683089136184,-0.507878984697022
243.39526510238647,8465021,0.3155425727807383,0.38118867526557487,0.32692443629191664,-0.14798773655372804,0.47428752383173856,-0.5059552895535521
243.49622511863708,8465023,0.3143803402483467,0.3823108309155774,0.32792636090472216,-0.14834842931209063,0.4753696026542141,-0.5057148276609176
243.6077597141266,8465023,0.31594334261988777,0.38239098489064755,0.3262832045404016,-0.14842858325839522,0.47589060356946006,-0.5072377529820582
243.717600107193,8465022,0.3147811100869108,0.38255129284081596,0.3275255910594442,-0.14870912207046644,0.4751291406934894,-0.5063961363568875
243.82607793807983,8465018,0.3150616489740256,0.38239098489064755,0.32740536010590127,-0.14794765958057743,0.4750089097131645,-0.5066766752318538
243.93123984336853,8465013,0.3155024957968345,0.3815493681528763,0.32676412835398816,-0.14806789050002972,0.4744077548119139,-0.5072778299642295
244.04329538345337,8465009,0.3155425727807383,0.38215052296546503,0.3276458220130058,-0.14822819839263499,0.47352606095787275,-0.5062358284283761
244.1556694507599,8465009,0.31534218786123935,0.38215052296546503,0.32700459026089335,-0.1493904306141016,0.4733657529845545,-0.5055945967146254
244.26503443717957,8465006,0.3163441124592395,0.38215052296546503,0.3257622037426861,-0.14862896812415957,0.4738466769046419,-0.5071575990177211
244.37616872787476,8465001,0.31618380452347455,0.3814291371904215,0.32692443629191664,-0.1480278135268788,0.47312529102466,-0.507478214875114
244.48783373832703,8464998,0.31618380452347455,0.38215052296546503,0.32688435930743137,-0.14862896812415957,0.4730050600447501,-0.5077186767682366
244.60320019721985,8464996,0.3159834196038138,0.38118867526557487,0.3285275156730288,-0.14714612011759903,0.47392683089136184,-0.5068369831604467
244.71707153320312,8464997,0.31630403547529523,0.3814291371904215,0.32604274263372024,-0.14718619709074646,0.47388675389800045,-0.5085202164124604
244.82212162017822,8464993,0.3155425727807383,0.3819501380278771,0.3272049751833714,-0.1489095069362365,0.47268444409844507,-0.5060354435177783
244.92437314987183,8464987,0.31626395849135297,0.38170967610284867,0.3263232815248558,-0.14927019969463307,0.47340582997787994,-0.5059552895535521
245.03779458999634,8464983,0.3158231116681217,0.38182990706535236,0.3271648981988716,-0.14766712076852775,0.4732054450112804,-0.5073980609107547
245.14143443107605,8464976,0.3164242664271341,0.3823108309155774,0.3272851291523771,-0.15007173915778513,0.4728046750782887,-0.5053140578400079
245.2573471069336,8464970,0.3153822648451351,0.38327267861703623,0.3270847442298783,-0.14786750563427672,0.4734459069712081,-0.5076785997860448
245.36003994941711,8464967,0.3146608791353204,0.38106844430318293,0.3276057450284831,-0.14726635103704172,0.47432760082512754,-0.5076785997860448
245.47177124023438,8464962,0.3159032656359637,0.38275167777857894,0.32740536010590127,-0.14858889115100637,0.47368636893123517,-0.5075583688394808
245.57265734672546,8464959,0.3149013410385193,0.3818699840528583,0.32796643788926133,-0.14927019969463307,0.47236382815231676,-0.5058751355893332
245.68361616134644,8464958,0.3153822648451351,0.3823108309155774,0.32680420533846716,-0.14842858325839522,0.47432760082512754,-0.5070774450533914
245.79056429862976,8464956,0.31662465134690615,0.38191006104036657,0.32756566804396264,-0.14618427276210766,0.47452798579211414,-0.5057949816251217
245.8976013660431,8464956,0.31698534420262336,0.3827116007910216,0.32692443629191664,-0.14822819839263499,0.4734459069712081,-0.5073579839285778
246.008118391037,8464957,0.3150616489740256,0.38166959911535203,0.3264435124782306,-0.14858889115100637,0.4722435971725641,-0.5069171371247542
246.1135709285736,8464958,0.3157830346842037,0.38315244765428025,0.3275255910594442,-0.150312200996744,0.4735661379512092,-0.5067568291961465
246.22165417671204,8464962,0.3149013410385193,0.38379367945588894,0.32688435930743137,-0.1478274286611266,0.47436767781851935,-0.5071175220355554
246.3255763053894,8464967,0.3143402632645014,0.38054744346639363,0.3276057450284831,-0.14718619709074646,0.47400698487809284,-0.5054743657683497
246.44084644317627,8464970,0.31570288071637387,0.38118867526557487,0.3270847442298783,-0.14943050758725807,0.47308521403135395,-0.5068369831604467
246.54975128173828,8464970,0.31546241881293263,0.3812688292405144,0.32676412835398816,-0.14914996877516604,0.4735661379512092,-0.5063961363568875
246.6556670665741,8464970,0.31626395849135297,0.38259136982836384,0.3263232815248558,-0.14774727471482688,0.47340582997787994,-0.5068369831604467
246.7647247314453,8464974,0.3165044203950369,0.38046728949153785,0.3262832045404016,-0.14882935298992797,0.4731653680179689,-0.5063961363568875
246.87970089912415,8464975,0.31458072516760355,0.3812287522530435,0.32812674582743906,-0.14742665892963425,0.475529910628086,-0.5062759054105012
246.98908114433289,8464975,0.3163441124592395,0.3828719087412648,0.32812674582743906,-0.14874919904362013,0.4721634431860761,-0.5072377529820582
247.09450221061707,8464978,0.31546241881293263,0.3811085212906446,0.32792636090472216,-0.147907582607427,0.4748886787328645,-0.5065965212675685
247.20529961585999,8464980,0.31566280373246197,0.3820302920029053,0.3284473617038942,-0.14726635103704172,0.4734459069712081,-0.5055945967146254
247.30697178840637,8464983,0.31514180294179084,0.3801466735922079,0.3273252061368831,-0.14746673590278275,0.4731653680179689,-0.5065965212675685
247.41500043869019,8464986,0.31570288071637387,0.38355321753021543,0.32740536010590127,-0.1501919700772638,0.47376652291793303,-0.5074381378929335
247.53189873695374,8464986,0.3152620338934539,0.38090813635335974,0.32656374343162414,-0.14714612011759903,0.47601083454996806,-0.5061957514462528
247.6397533416748,8464986,0.3153021108773456,0.380186750579616,0.3266839743850363,-0.14738658195648588,0.47368636893123517,-0.5069171371247542
247.7446517944336,8464986,0.31405972437764057,0.38166959911535203,0.327886283920185,-0.14874919904362013,0.4726443671051693,-0.5059552895535521
247.8547432422638,8464985,0.31654449737899126,0.380587520453825,0.3261228966026058,-0.1483885062852429,0.4732455220045948,-0.5073579839285778
247.96599698066711,8464987,0.31546241881293263,0.3818699840528583,0.3266038204160928,-0.1482682753657867,0.47464821677233937,-0.5057549046430188
248.07158756256104,8464989,0.3164643434110845,0.38078790539101676,0.3260026656492806,-0.14734650498333768,0.47368636893123517,-0.5073579839285778
248.18064403533936,8464987,0.31546241881293263,0.380186750579616,0.32676412835398816,-0.14738658195648588,0.4750489867066034,-0.5060354435177783
248.2917959690094,8464983,0.3152620338934539,0.380948213340812,0.32604274263372024,-0.14862896812415957,0.4729249060581573,-0.505634673696721
248.39975953102112,8464987,0.3149414180223929,0.3826314468159141,0.32596258866484296,-0.14894958390939103,0.47256421311862623,-0.5060354435177783
248.51095962524414,8464989,0.3165044203950369,0.38118867526557487,0.32676412835398816,-0.14766712076852775,0.47352606095787275,-0.506997291089069
248.62106561660767,8464984,0.3147410331030453,0.38178983007784884,0.3286477466267464,-0.14618427276210766,0.47520929468038653,-0.5071575990177211
248.72655701637268,8464980,0.3152219569095642,0.380948213340812,0.32692443629191664,-0.14766712076852775,0.4714019803149905,-0.5075182918572965
248.83968019485474,8464982,0.3148211870707783,0.38267152380346675,0.3273252061368831,-0.14927019969463307,0.4734459069712081,-0.5072377529820582
248.94842982292175,8464984,0.3175063449945049,0.3821905999529896,0.3270847442298783,-0.14730642801018962,0.4722035201793187,-0.5065163673032905
249.0492296218872,8464984,0.31614372753953834,0.38130890622798763,0.327124821214374,-0.1489896608825457,0.4732455220045948,-0.5062358284283761
249.1617250442505,8464983,0.31570288071637387,0.38106844430318293,0.32580228072711337,-0.1470258891981577,0.47400698487809284,-0.5075182918572965
249.26962757110596,8464981,0.3148211870707783,0.3814692141779041,0.3256419727894168,-0.14722627406389402,0.4750489867066034,-0.5065564442854287
249.38099074363708,8464978,0.3165044203950369,0.38215052296546503,0.3276858989975304,-0.14742665892963425,0.4729249060581573,-0.5073579839285778
249.48714780807495,8464976,0.3163841894431858,0.3822306769405165,0.3276858989975304,-0.1482682753657867,0.47464821677233937,-0.5066365982497102
249.60097742080688,8464975,0.3153021108773456,0.38275167777857894,0.32696451327640397,-0.1480278135268788,0.4761711425240175,-0.506997291089069
249.70445346832275,8464976,0.3159032656359637,0.381509291165389,0.3276858989975304,-0.1462644267083952,0.4731653680179689,-0.5070774450533914
249.815016746521,8464976,0.3153822648451351,0.38315244765428025,0.327124821214374,-0.15043243191622574,0.47312529102466,-0.5065564442854287
249.91874194145203,8464969,0.3149013410385193,0.3812287522530435,0.32692443629191664,-0.14746673590278275,0.47296498305145235,-0.5061957514462528
250.02969574928284,8464963,0.3143402632645014,0.3812688292405144,0.32904851647260686,-0.14718619709074646,0.4746882937657532,-0.5070774450533914
250.1345808506012,8464961,0.31626395849135297,0.38046728949153785,0.32648358946269307,-0.14738658195648588,0.4727245210917236,-0.5070774450533914
250.24256658554077,8464958,0.31514180294179084,0.38259136982836384,0.32740536010590127,-0.15051258586254776,0.47452798579211414,-0.5067568291961465
250.35469150543213,8464952,0.31718572912253723,0.38182990706535236,0.3266839743850363,-0.14858889115100637,0.47188290423345514,-0.5073980609107547
250.46421933174133,8464947,0.3161036505556042,0.3822306769405165,0.32588243469597405,-0.14842858325839522,0.47368636893123517,-0.506075520499894
250.56976890563965,8464945,0.31566280373246197,0.3815493681528763,0.32684428232294827,-0.14914996877516604,0.47312529102466,-0.5057148276609176
250.67961359024048,8464941,0.3172258061065261,0.38239098489064755,0.32652366644715763,-0.14814804444633203,0.472884829064865,-0.5077587537504301
250.7927873134613,8464934,0.3160635735716721,0.38102836731572365,0.3271648981988716,-0.14814804444633203,0.47296498305145235,-0.5067167522139993
250.8985939025879,8464930,0.3160635735716721,0.38191006104036657,0.3261228966026058,-0.14778735168797666,0.4732054450112804,-0.5078389077148228
251.00771522521973,8464926,0.3164242664271341,0.38118867526557487,0.3270446672453848,-0.147907582607427,0.47368636893123517,-0.5067568291961465
251.11680698394775,8464925,0.3147410331030453,0.38182990706535236,0.32664389740056354,-0.14734650498333768,0.4733657529845545,-0.5066766752318538
251.22469902038574,8464921,0.3156227267485521,0.38295206271640037,0.32696451327640397,-0.1498312773188324,0.4730050600447501,-0.5067167522139993
251.33661079406738,8464918,0.3149013410385193,0.38211044597794275,0.3273652831213912,-0.14746673590278275,0.4740470618714625,-0.5077186767682366
251.4416115283966,8464917,0.3152219569095642,0.38191006104036657,0.32700459026089335,-0.1489896608825457,0.47388675389800045,-0.5068369831604467
251.5539288520813,8464919,0.3157830346842037,0.38174975309034753,0.3272851291523771,-0.1470258891981577,0.4734459069712081,-0.5079591386614257
251.6567838191986,8464915,0.3163841894431858,0.3818699840528583,0.32696451327640397,-0.1478274286611266,0.4736062149445484,-0.5055545197325316
251.7647750377655,8464911,0.31574295770028776,0.3813489832154633,0.3273252061368831,-0.14866904509731294,0.4727245210917236,-0.5070774450533914
251.87978148460388,8464908,0.3147009561191818,0.38174975309034753,0.32724505216787325,-0.1482682753657867,0.47428752383173856,-0.5058350586072266
251.98841619491577,8464907,0.31454064818374816,0.3813489832154633,0.327886283920185,-0.14806789050002972,0.47424744683835224,-0.5058350586072266
252.097501039505,8464908,0.31534218786123935,0.3812688292405144,0.32656374343162414,-0.14943050758725807,0.47581044958246865,-0.5050735959475506
252.20257186889648,8464912,0.3154223418290329,0.3819501380278771,0.32680420533846716,-0.1483083523389386,0.47340582997787994,-0.50643621333902
252.31155347824097,8464915,0.3163441124592395,0.38235090790311127,0.3266839743850363,-0.14774727471482688,0.4740470618714625,-0.5069171371247542
252.41790461540222,8464919,0.3143001862806581,0.3823108309155774,0.32836720773476796,-0.14814804444633203,0.4738466769046419,-0.5061957514462528
252.52881789207458,8464921,0.3158631886520417,0.38291198572883145,0.3271648981988716,-0.1489896608825457,0.4732455220045948,-0.5070373680712293
252.64720964431763,8464922,0.3158631886520417,0.3834329865674103,0.327124821214374,-0.14914996877516604,0.4744077548119139,-0.5067969061782956
252.7505979537964,8464925,0.31594334261988777,0.38178983007784884,0.3270847442298783,-0.14874919904362013,0.47256421311862623,-0.5061957514462528
252.85874605178833,8464927,0.3158631886520417,0.3806275974412587,0.32664389740056354,-0.1461441957889641,0.47400698487809284,-0.5079591386614257
252.97085452079773,8464927,0.31534218786123935,0.3806275974412587,0.32684428232294827,-0.14866904509731294,0.47416729285158804,-0.50643621333902
253.07887411117554,8464929,0.3155425727807383,0.3813489832154633,0.32828705376565,-0.14814804444633203,0.4744478318053112,-0.5063560593747569
253.18368983268738,8464931,0.31514180294179084,0.3821905999529896,0.32772597598205716,-0.14858889115100637,0.47464821677233937,-0.5066766752318538
253.29358887672424,8464936,0.3153822648451351,0.3821905999529896,0.3263232815248558,-0.14866904509731294,0.4746081397789282,-0.5065163673032905
253.3982057571411,8464938,0.3143001862806581,0.38255129284081596,0.32792636090472216,-0.14822819839263499,0.4747684477525895,-0.506075520499894
253.51288294792175,8464939,0.31413987834530505,0.38199021501539004,0.32908859345720437,-0.14722627406389402,0.475089063700045,-0.5070774450533914
253.61379265785217,8464945,0.314620802151461,0.38239098489064755,0.3278462069356499,-0.14786750563427672,0.47308521403135395,-0.5065965212675685
253.72774934768677,8464951,0.3158631886520417,0.38070775141613306,0.32548166485175334,-0.14726635103704172,0.475089063700045,-0.5062759054105012
253.83941340446472,8464957,0.3149013410385193,0.3812287522530435,0.32756566804396264,-0.14766712076852775,0.47352606095787275,-0.5055945967146254
253.94801425933838,8464961,0.31393949342615896,0.38215052296546503,0.3273252061368831,-0.14814804444633203,0.47516921768693665,-0.5069572141069106
254.05613803863525,8464966,0.3155024957968345,0.3821905999529896,0.32724505216787325,-0.14794765958057743,0.4736062149445484,-0.5076385228038549
254.16466879844666,8464970,0.3153822648451351,0.38259136982836384,0.32572212675826095,-0.14858889115100637,0.4738065999112861,-0.5074381378929335
254.2705180644989,8464969,0.3160635735716721,0.37958559576873824,0.32596258866484296,-0.14814804444633203,0.47416729285158804,-0.5070373680712293
254.37881445884705,8464964,0.31622388150741276,0.38275167777857894,0.3271648981988716,-0.14850873720470048,0.4734459069712081,-0.5077186767682366
254.48685264587402,8464964,0.3165845743629477,0.38086805936590973,0.3266839743850363,-0.14798773655372804,0.4738065999112861,-0.5077186767682366
254.59992027282715,8464965,0.3148211870707783,0.38166959911535203,0.32568204977383786,-0.14886942996308217,0.4738466769046419,-0.5056747506788184
254.7036838531494,8464968,0.3153021108773456,0.38178983007784884,0.3259225116804075,-0.1489896608825457,0.4744077548119139,-0.508039292625837
254.81150317192078,8464968,0.31630403547529523,0.38211044597794275,0.3262431275559496,-0.1489896608825457,0.47368636893123517,-0.5071575990177211
254.9214346408844,8464971,0.3153822648451351,0.38170967610284867,0.3284473617038942,-0.14738658195648588,0.4730050600447501,-0.506997291089069
255.02576899528503,8464973,0.3146608791353204,0.38086805936590973,0.3266038204160928,-0.14806789050002972,0.4744077548119139,-0.5067568291961465
255.13458156585693,8464975,0.31574295770028776,0.38078790539101676,0.32648358946269307,-0.1478274286611266,0.4724840591320942,-0.5058751355893332
255.24262285232544,8464976,0.31534218786123935,0.38215052296546503,0.32688435930743137,-0.14886942996308217,0.47376652291793303,-0.5076385228038549
255.35394620895386,8464975,0.31413987834530505,0.38307229367912127,0.3276858989975304,-0.1483083523389386,0.4748085247460117,-0.5072778299642295
255.4597132205963,8464974,0.3149013410385193,0.38247113886572703,0.3273252061368831,-0.14810796747318078,0.4730451370380506,-0.5059552895535521
255.5729169845581,8464970,0.31514180294179084,0.38158944514036586,0.32792636090472216,-0.14710604314445178,0.4734459069712081,-0.5061957514462528
255.67966318130493,8464967,0.3154223418290329,0.38299213970397167,0.3274855140749278,-0.14870912207046644,0.4734459069712081,-0.5068770601425995
255.78461241722107,8464962,0.31682503626672875,0.38235090790311127,0.32604274263372024,-0.14842858325839522,0.4733256759912318,-0.5072377529820582
255.89361572265625,8464960,0.31454064818374816,0.38166959911535203,0.32676412835398816,-0.1492301227214772,0.4748085247460117,-0.5046327491448842
256.0073664188385,8464955,0.3144204172321941,0.38118867526557487,0.32772597598205716,-0.14734650498333768,0.4744478318053112,-0.5069572141069106
256.1127140522003,8464951,0.3161036505556042,0.3812688292405144,0.32700459026089335,-0.14850873720470048,0.47208328919959924,-0.5065163673032905
256.2197313308716,8464950,0.31534218786123935,0.3814692141779041,0.3264435124782306,-0.1478274286611266,0.47396690788472595,-0.5075583688394808
256.3296408653259,8464952,0.3163841894431858,0.3815493681528763,0.32580228072711337,-0.14886942996308217,0.47376652291793303,-0.5061556744641313
256.441921710968,8464951,0.31518187992567653,0.3814291371904215,0.3248805100858099,-0.14834842931209063,0.47464821677233937,-0.5054342887862615
256.5476996898651,8464949,0.3149013410385193,0.3821905999529896,0.3276057450284831,-0.14854881417785334,0.4756902186020022,-0.5070373680712293
256.65856552124023,8464947,0.3156227267485521,0.381509291165389,0.32696451327640397,-0.14746673590278275,0.47420736984496875,-0.5062358284283761
256.7708673477173,8464946,0.3152219569095642,0.3815493681528763,0.326363358509312,-0.147907582607427,0.4737264459245827,-0.5068369831604467
256.87572598457336,8464945,0.3155024957968345,0.3809882903282667,0.32796643788926133,-0.14718619709074646,0.47312529102466,-0.5066766752318538
256.98468112945557,8464944,0.31594334261988777,0.38006651961739857,0.32588243469597405,-0.14730642801018962,0.47312529102466,-0.5053140578400079
257.09592175483704,8464943,0.3144204172321941,0.3830322166915453,0.327886283920185,-0.14698581222501092,0.47388675389800045,-0.5069572141069106
257.199702501297,8464941,0.3158231116681217,0.3823108309155774,0.3262030505714995,-0.14959081547988579,0.47701275938850635,-0.5061556744641313
257.3077127933502,8464940,0.3159834196038138,0.38239098489064755,0.3266839743850363,-0.14870912207046644,0.4724439821388322,-0.5082797545191153
257.41305351257324,8464940,0.31341849263661475,0.38090813635335974,0.32828705376565,-0.14722627406389402,0.47376652291793303,-0.5070373680712293
257.52976989746094,8464942,0.31546241881293263,0.38166959911535203,0.3284473617038942,-0.14778735168797666,0.473285598997912,-0.5071575990177211
257.630322933197,8464944,0.3148211870707783,0.38106844430318293,0.32528127992972056,-0.14766712076852775,0.47581044958246865,-0.5066365982497102
257.7408194541931,8464946,0.3161036505556042,0.3813489832154633,0.3270847442298783,-0.14818812141948343,0.47284475207157545,-0.5072377529820582
257.85837268829346,8464945,0.31574295770028776,0.3814692141779041,0.3250408180233494,-0.14718619709074646,0.47452798579211414,-0.5065965212675685
257.9647026062012,8464947,0.3167849592827602,0.38339290957981326,0.32700459026089335,-0.1483083523389386,0.4727245210917236,-0.5073179069464028
258.0697157382965,8464947,0.31534218786123935,0.38158944514036586,0.32664389740056354,-0.14894958390939103,0.4730451370380506,-0.5055945967146254
258.1784930229187,8464948,0.3160635735716721,0.3814692141779041,0.32664389740056354,-0.14882935298992797,0.47340582997787994,-0.5070774450533914
258.2875564098358,8464950,0.31518187992567653,0.38102836731572365,0.32692443629191664,-0.14935035364094526,0.4737264459245827,-0.5065163673032905
258.39993834495544,8464951,0.3173059600745099,0.38174975309034753,0.327766052966586,-0.14842858325839522,0.47208328919959924,-0.507878984697022
258.50608229637146,8464950,0.31698534420262336,0.38211044597794275,0.3262431275559496,-0.14870912207046644,0.4723237511590631,-0.5075583688394808
258.6131913661957,8464948,0.31422003231297757,0.38046728949153785,0.32936913234944526,-0.14686558130557148,0.47436767781851935,-0.5070774450533914
258.7205626964569,8464949,0.3148211870707783,0.3809882903282667,0.3273252061368831,-0.14882935298992797,0.4725241361253588,-0.5057148276609176
258.8268313407898,8464949,0.3143001862806581,0.38267152380346675,0.32700459026089335,-0.14818812141948343,0.47464821677233937,-0.5073179069464028
258.9386565685272,8464947,0.31510172595790725,0.38130890622798763,0.3270446672453848,-0.14919004574832154,0.4738466769046419,-0.5049934419834129
259.0395061969757,8464944,0.31594334261988777,0.3809882903282667,0.32676412835398816,-0.1492301227214772,0.4724439821388322,-0.5049934419834129
259.15262150764465,8464944,0.3166647283308666,0.3820302920029053,0.3267240513695112,-0.1489095069362365,0.47376652291793303,-0.5062759054105012
259.2588641643524,8464946,0.3160234965877419,0.38259136982836384,0.3261629735870516,-0.14850873720470048,0.47340582997787994,-0.5070373680712293
259.3707675933838,8464942,0.3153822648451351,0.3802268275670264,0.3271648981988716,-0.14718619709074646,0.4735661379512092,-0.5061155974820118
259.4814372062683,8464937,0.31510172595790725,0.3826314468159141,0.3260026656492806,-0.14858889115100637,0.47589060356946006,-0.5067568291961465
259.58575892448425,8464936,0.3152219569095642,0.3809882903282667,0.327766052966586,-0.1493904306141016,0.47268444409844507,-0.5063159823926281
259.69769287109375,8464937,0.314620802151461,0.38211044597794275,0.328046591858346,-0.1483885062852429,0.47432760082512754,-0.5056747506788184
259.8016035556793,8464936,0.3152219569095642,0.38130890622798763,0.3274454370904135,-0.1467854273592793,0.4747684477525895,-0.5072377529820582
259.9086563587189,8464932,0.31626395849135297,0.38307229367912127,0.3262431275559496,-0.14814804444633203,0.4748486017394367,-0.5073179069464028
260.0166654586792,8464929,0.31413987834530505,0.3820302920029053,0.3280065148738026,-0.14734650498333768,0.47544975664114447,-0.506075520499894
260.12474370002747,8464925,0.31486126405464776,0.38158944514036586,0.3266038204160928,-0.14822819839263499,0.4748486017394367,-0.5066365982497102
260.2346625328064,8464925,0.3158631886520417,0.38239098489064755,0.3266038204160928,-0.14766712076852775,0.4738466769046419,-0.5067969061782956
260.3437237739563,8464925,0.3137791854908784,0.3818699840528583,0.3262030505714995,-0.14846866023154778,0.4761711425240175,-0.5063560593747569
260.45370745658875,8464926,0.3147811100869108,0.3813489832154633,0.32692443629191664,-0.14870912207046644,0.4721634431860761,-0.5068770601425995
260.56471252441406,8464927,0.3149013410385193,0.38267152380346675,0.3275255910594442,-0.14862896812415957,0.4740470618714625,-0.5077186767682366
260.6738066673279,8464924,0.3159834196038138,0.3827116007910216,0.32688435930743137,-0.1483885062852429,0.4724439821388322,-0.5078389077148228
260.77669405937195,8464924,0.3163441124592395,0.3826314468159141,0.326363358509312,-0.1495106615335716,0.4752493716738393,-0.5064762903211544
260.88769602775574,8464924,0.31498149500626843,0.3813890602029412,0.32656374343162414,-0.1482682753657867,0.47376652291793303,-0.5052339038758481
261.00089740753174,8464925,0.3143001862806581,0.3812688292405144,0.3284473617038942,-0.14794765958057743,0.4738466769046419,-0.5059152125714417
261.1046373844147,8464924,0.3150616489740256,0.38182990706535236,0.3274855140749278,-0.1475468898490803,0.4711214413627359,-0.5069572141069106
261.2157645225525,8464923,0.3137791854908784,0.3820302920029053,0.328046591858346,-0.14794765958057743,0.4754898336346139,-0.5071175220355554
261.3217098712921,8464926,0.3155024957968345,0.38295206271640037,0.326363358509312,-0.14906981482885556,0.47448790879871133,-0.5059552895535521
261.42884349823,8464925,0.3160635735716721,0.38215052296546503,0.3270847442298783,-0.14947058456041476,0.47376652291793303,-0.5075182918572965
261.53971767425537,8464922,0.3146608791353204,0.3821905999529896,0.3262030505714995,-0.14886942996308217,0.4749688327197284,-0.5067568291961465
261.64781498908997,8464923,0.3164242664271341,0.3823108309155774,0.326363358509312,-0.14770719774167723,0.4740871388648349,-0.5070373680712293
261.75817799568176,8464923,0.3153822648451351,0.3801466735922079,0.3262431275559496,-0.14698581222501092,0.4738466769046419,-0.5063159823926281
261.86360478401184,8464921,0.3143803402483467,0.38207036899042285,0.3278061299511169,-0.14734650498333768,0.47412721585821005,-0.5068369831604467
261.9707033634186,8464925,0.31594334261988777,0.3815493681528763,0.32588243469597405,-0.14866904509731294,0.4732054450112804,-0.5060354435177783
262.08164262771606,8464928,0.3155024957968345,0.3815493681528763,0.3270847442298783,-0.14955073850672862,0.473285598997912,-0.5067568291961465
262.1949203014374,8464925,0.31498149500626843,0.3809882903282667,0.3262832045404016,-0.14742665892963425,0.4763715274916418,-0.5067568291961465
262.2988293170929,8464923,0.3156227267485521,0.3815493681528763,0.3266038204160928,-0.14874919904362013,0.4747684477525895,-0.5073980609107547
262.40861988067627,8464923,0.3155826497646442,0.3818699840528583,0.3262832045404016,-0.14878927601677397,0.4725241361253588,-0.5069171371247542
262.5167980194092,8464922,0.3164242664271341,0.38082798237846205,0.32588243469597405,-0.14638465762782768,0.47352606095787275,-0.5083599084835563
262.6298770904541,8464923,0.31514180294179084,0.3819501380278771,0.32808666884289145,-0.14874919904362013,0.47392683089136184,-0.506075520499894
262.7378931045532,8464925,0.3154223418290329,0.3794252878192591,0.3278061299511169,-0.14770719774167723,0.47348598396453906,-0.5057148276609176
262.83863067626953,8464925,0.31546241881293263,0.38174975309034753,0.326363358509312,-0.14987135429199078,0.47256421311862623,-0.506997291089069
262.9478967189789,8464925,0.3152219569095642,0.38339290957981326,0.3267240513695112,-0.14710604314445178,0.4744077548119139,-0.5068770601425995
263.0642499923706,8464923,0.31594334261988777,0.3828719087412648,0.3270847442298783,-0.14919004574832154,0.4733657529845545,-0.5076785997860448
263.1676981449127,8464923,0.31514180294179084,0.38191006104036657,0.32700459026089335,-0.14846866023154778,0.47236382815231676,-0.5068770601425995
263.2737874984741,8464921,0.3153822648451351,0.3813489832154633,0.3264034354937703,-0.1483885062852429,0.4740871388648349,-0.5075583688394808
263.38372802734375,8464925,0.3155024957968345,0.38299213970397167,0.327124821214374,-0.14927019969463307,0.47492875572629506,-0.5063560593747569
263.49433422088623,8464929,0.3148211870707783,0.38275167777857894,0.3264435124782306,-0.1489095069362365,0.4733657529845545,-0.5061155974820118
263.6049883365631,8464930,0.31570288071637387,0.38307229367912127,0.32684428232294827,-0.1483885062852429,0.47396690788472595,-0.5073980609107547
263.7226037979126,8464932,0.31626395849135297,0.38331275560462624,0.328046591858346,-0.14999158521146685,0.4725241361253588,-0.5082396775368977
263.8267283439636,8464938,0.3155425727807383,0.3802669045544392,0.32772597598205716,-0.1469056582787178,0.4738466769046419,-0.5073179069464028
263.93574714660645,8464940,0.3150616489740256,0.3818699840528583,0.3272049751833714,-0.14846866023154778,0.4734459069712081,-0.5082797545191153
264.04864835739136,8464941,0.3155024957968345,0.38178983007784884,0.3263232815248558,-0.14906981482885556,0.4729249060581573,-0.5065163673032905
264.1596167087555,8464944,0.3159834196038138,0.3814291371904215,0.32676412835398816,-0.14882935298992797,0.4740470618714625,-0.5066365982497102
264.26671743392944,8464950,0.3149013410385193,0.38215052296546503,0.327886283920185,-0.147907582607427,0.47520929468038653,-0.5072778299642295
264.372859954834,8464955,0.3159834196038138,0.38010659660480206,0.328046591858346,-0.1467854273592793,0.4738466769046419,-0.5066766752318538
264.48519802093506,8464960,0.31422003231297757,0.38191006104036657,0.3262030505714995,-0.14882935298992797,0.4744478318053112,-0.5064762903211544
264.59567046165466,8464965,0.31742619102650077,0.38235090790311127,0.32580228072711337,-0.1492301227214772,0.4732455220045948,-0.5073179069464028
264.70265674591064,8464967,0.31682503626672875,0.38227075392804577,0.32588243469597405,-0.14882935298992797,0.4720031352131333,-0.5068369831604467
264.81104135513306,8464971,0.31566280373246197,0.38170967610284867,0.32580228072711337,-0.14858889115100637,0.4745680627855197,-0.5056747506788184
264.92760968208313,8464977,0.3160234965877419,0.38070775141613306,0.3264034354937703,-0.14987135429199078,0.47388675389800045,-0.5052739808579271
265.03493762016296,8464981,0.314620802151461,0.38130890622798763,0.32664389740056354,-0.14886942996308217,0.4749688327197284,-0.505634673696721
265.14520621299744,8464986,0.31614372753953834,0.3812287522530435,0.32700459026089335,-0.14814804444633203,0.47368636893123517,-0.5060354435177783
265.2527210712433,8464990,0.3143803402483467,0.38207036899042285,0.32648358946269307,-0.1467854273592793,0.4748085247460117,-0.5083198315013349
265.3619227409363,8464993,0.3147009561191818,0.3818699840528583,0.32548166485175334,-0.14714612011759903,0.47544975664114447,-0.5063159823926281
265.466947555542,8464991,0.3149414180223929,0.381509291165389,0.3266038204160928,-0.14979120034567422,0.4737264459245827,-0.5062358284283761
265.571893453598,8464990,0.31570288071637387,0.38207036899042285,0.3257622037426861,-0.1482682753657867,0.47256421311862623,-0.5077587537504301
265.6817214488983,8464992,0.3164242664271341,0.3802268275670264,0.3261629735870516,-0.14874919904362013,0.47376652291793303,-0.5055945967146254
265.7897982597351,8464992,0.3143803402483467,0.38239098489064755,0.327886283920185,-0.1478274286611266,0.47452798579211414,-0.506997291089069
265.90081119537354,8464994,0.3143402632645014,0.3831123706666996,0.3273652831213912,-0.14786750563427672,0.4737264459245827,-0.5077587537504301
266.0118372440338,8464995,0.31422003231297757,0.38082798237846205,0.3251610489765257,-0.14714612011759903,0.4745680627855197,-0.5072377529820582
266.11576652526855,8464998,0.3154223418290329,0.381509291165389,0.3266038204160928,-0.14894958390939103,0.4731653680179689,-0.5053541348220906
266.2227520942688,8464999,0.3165044203950369,0.38379367945588894,0.3261629735870516,-0.14882935298992797,0.4730050600447501,-0.5075182918572965
266.3325939178467,8465000,0.31409980136147175,0.38199021501539004,0.3272851291523771,-0.1475468898490803,0.4746081397789282,-0.5067167522139993
266.439847946167,8464999,0.3165044203950369,0.37918482589511004,0.32656374343162414,-0.14794765958057743,0.4740871388648349,-0.5075984458216669
266.5509603023529,8464998,0.3149414180223929,0.3825112158532703,0.3276858989975304,-0.14798773655372804,0.47348598396453906,-0.5061155974820118
266.65971422195435,8464996,0.31518187992567653,0.38166959911535203,0.32608281961816193,-0.1475468898490803,0.4733256759912318,-0.5073579839285778
266.76460433006287,8464995,0.3149013410385193,0.3812688292405144,0.3271648981988716,-0.14774727471482688,0.47392683089136184,-0.5071575990177211
266.8748531341553,8464992,0.31422003231297757,0.3812287522530435,0.3260026656492806,-0.14750681287593143,0.4751291406934894,-0.5075182918572965
266.9818432331085,8464989,0.31486126405464776,0.38170967610284867,0.3266038204160928,-0.14814804444633203,0.4754898336346139,-0.5071976759998887
267.0906300544739,8464984,0.3153021108773456,0.3826314468159141,0.3262030505714995,-0.14886942996308217,0.473285598997912,-0.5063560593747569
267.1988117694855,8464979,0.31514180294179084,0.38211044597794275,0.32664389740056354,-0.1483885062852429,0.47520929468038653,-0.5070373680712293
267.307776927948,8464977,0.31381926247469555,0.380948213340812,0.32692443629191664,-0.1475468898490803,0.4748486017394367,-0.5062759054105012
267.41588068008423,8464978,0.3152219569095642,0.3811485982781086,0.32608281961816193,-0.14866904509731294,0.4738466769046419,-0.5059152125714417
267.5224914550781,8464976,0.3164643434110845,0.38054744346639363,0.326363358509312,-0.14638465762782768,0.47400698487809284,-0.5067167522139993
267.6335861682892,8464973,0.31622388150741276,0.3813489832154633,0.32688435930743137,-0.1493904306141016,0.4726443671051693,-0.5062358284283761
267.7473647594452,8464972,0.3143402632645014,0.38162952212785783,0.32812674582743906,-0.1483885062852429,0.4735661379512092,-0.5064762903211544
267.85794973373413,8464971,0.3157830346842037,0.38243106187818615,0.32692443629191664,-0.14670527341298775,0.47376652291793303,-0.5076385228038549
267.96181774139404,8464967,0.3155024957968345,0.381509291165389,0.3260026656492806,-0.14750681287593143,0.4736062149445484,-0.5083599084835563
268.06539940834045,8464963,0.3164242664271341,0.38118867526557487,0.3270847442298783,-0.14935035364094526,0.47236382815231676,-0.5067167522139993
268.17558693885803,8464957,0.3158631886520417,0.38166959911535203,0.32696451327640397,-0.14842858325839522,0.47100121038323955,-0.5073980609107547
268.28560733795166,8464950,0.31626395849135297,0.38191006104036657,0.327124821214374,-0.14710604314445178,0.47364629193789043,-0.5072778299642295
268.39399814605713,8464945,0.3150616489740256,0.38255129284081596,0.32680420533846716,-0.14971104639935834,0.47268444409844507,-0.5068770601425995
268.5059268474579,8464942,0.31393949342615896,0.38130890622798763,0.327886283920185,-0.14766712076852775,0.47448790879871133,-0.5072778299642295
268.61812138557434,8464938,0.3153822648451351,0.37986613468041613,0.32604274263372024,-0.14814804444633203,0.4728046750782887,-0.5056747506788184
268.7257068157196,8464937,0.3164242664271341,0.38259136982836384,0.3258423577115427,-0.1482682753657867,0.47368636893123517,-0.5059152125714417
268.8336172103882,8464935,0.31574295770028776,0.3801466735922079,0.327766052966586,-0.14734650498333768,0.47276459808500476,-0.5082797545191153
268.9425916671753,8464934,0.3160635735716721,0.38130890622798763,0.3264034354937703,-0.14718619709074646,0.47256421311862623,-0.5071575990177211
269.04810643196106,8464934,0.31514180294179084,0.38042721250411343,0.32676412835398816,-0.14774727471482688,0.47340582997787994,-0.5061155974820118
269.15880012512207,8464932,0.3153822648451351,0.37998636564259863,0.328046591858346,-0.1462644267083952,0.47312529102466,-0.5077988307326256
269.2697913646698,8464929,0.31626395849135297,0.3801466735922079,0.3263232815248558,-0.14870912207046644,0.472884829064865,-0.5061957514462528
269.37976002693176,8464925,0.31570288071637387,0.38207036899042285,0.32676412835398816,-0.14698581222501092,0.47284475207157545,-0.5051537499116956
269.48677468299866,8464924,0.3158631886520417,0.3815493681528763,0.3261228966026058,-0.14935035364094526,0.4730451370380506,-0.5064762903211544
269.59664821624756,8464924,0.3141799553291403,0.3812287522530435,0.3258423577115427,-0.14834842931209063,0.4746882937657532,-0.5065163673032905
269.7077283859253,8464923,0.3149414180223929,0.38090813635335974,0.32680420533846716,-0.14798773655372804,0.4730050600447501,-0.5058350586072266
269.8149378299713,8464923,0.3172258061065261,0.38174975309034753,0.325401510882934,-0.14718619709074646,0.4722836741658122,-0.5071976759998887
269.92380571365356,8464922,0.31518187992567653,0.3805073664789646,0.32756566804396264,-0.1482682753657867,0.4731653680179689,-0.5068369831604467
270.0307478904724,8464918,0.31534218786123935,0.3830322166915453,0.3272049751833714,-0.14590373395010597,0.47400698487809284,-0.5079591386614257
270.1345536708832,8464920,0.31454064818374816,0.3814291371904215,0.3276458220130058,-0.14750681287593143,0.475089063700045,-0.5065965212675685
270.2455313205719,8464922,0.3159032656359637,0.38090813635335974,0.3262030505714995,-0.14902973785570053,0.47168251926738,-0.5067167522139993
270.34989500045776,8464924,0.31686511325069944,0.3813489832154633,0.3271648981988716,-0.1483083523389386,0.47260429011189636,-0.5068770601425995
270.4636251926422,8464925,0.3138994164423358,0.38307229367912127,0.327886283920185,-0.1475869668222293,0.47520929468038653,-0.5070373680712293
270.5676429271698,8464928,0.3145005711998948,0.3812287522530435,0.3280065148738026,-0.14806789050002972,0.47597075755646256,-0.506075520499894
270.6796803474426,8464926,0.31498149500626843,0.38191006104036657,0.32688435930743137,-0.1483885062852429,0.47368636893123517,-0.5079591386614257
270.7898516654968,8464929,0.3165044203950369,0.38178983007784884,0.3259225116804075,-0.14818812141948343,0.4730050600447501,-0.5053140578400079
270.89794397354126,8464931,0.31626395849135297,0.38166959911535203,0.3274454370904135,-0.14806789050002972,0.47208328919959924,-0.5058751355893332
271.00471925735474,8464932,0.31622388150741276,0.3814291371904215,0.3270446672453848,-0.14714612011759903,0.47368636893123517,-0.5068369831604467
271.111759185791,8464934,0.3163441124592395,0.38170967610284867,0.32680420533846716,-0.14886942996308217,0.4730451370380506,-0.506075520499894
271.22395634651184,8464938,0.3165845743629477,0.38255129284081596,0.3261228966026058,-0.14810796747318078,0.4724039051455731,-0.5073980609107547
271.32876229286194,8464942,0.31534218786123935,0.3803470585292717,0.3274454370904135,-0.14698581222501092,0.47284475207157545,-0.5061556744641313
271.4348065853119,8464941,0.31510172595790725,0.3821905999529896,0.32568204977383786,-0.14894958390939103,0.47516921768693665,-0.5068369831604467
271.5464243888855,8464936,0.31662465134690615,0.38235090790311127,0.32656374343162414,-0.14770719774167723,0.4732455220045948,-0.5072778299642295
271.6589539051056,8464932,0.3152620338934539,0.379705826730872,0.326363358509312,-0.1469056582787178,0.47416729285158804,-0.506997291089069
271.7736840248108,8464930,0.3163841894431858,0.38315244765428025,0.3270446672453848,-0.1489095069362365,0.4740871388648349,-0.5086805243413943
271.8816075325012,8464932,0.3153822648451351,0.38182990706535236,0.3274454370904135,-0.14798773655372804,0.4749688327197284,-0.5071175220355554
271.99063062667847,8464933,0.3156227267485521,0.3823108309155774,0.3258423577115427,-0.14842858325839522,0.4740871388648349,-0.5055545197325316
272.09408617019653,8464930,0.3158631886520417,0.3794653648066254,0.3267240513695112,-0.14862896812415957,0.47432760082512754,-0.5051537499116956
272.2086787223816,8464932,0.3152620338934539,0.38074782840357374,0.3272049751833714,-0.14766712076852775,0.47260429011189636,-0.5061155974820118
272.31259870529175,8464934,0.3149013410385193,0.3792649798698171,0.32588243469597405,-0.14710604314445178,0.4732455220045948,-0.5063159823926281
272.41865730285645,8464934,0.3155024957968345,0.3811085212906446,0.32840728471933006,-0.1470258891981577,0.4738065999112861,-0.5068770601425995
272.5309934616089,8464937,0.315021571990146,0.3820302920029053,0.32604274263372024,-0.14842858325839522,0.4738065999112861,-0.5054342887862615
272.63877987861633,8464938,0.3153822648451351,0.3822306769405165,0.32680420533846716,-0.1469457352518643,0.47376652291793303,-0.5086805243413943
272.7467966079712,8464933,0.31510172595790725,0.3813489832154633,0.32688435930743137,-0.14762704379537844,0.4722035201793187,-0.5073179069464028
272.8514597415924,8464929,0.3143402632645014,0.38158944514036586,0.32688435930743137,-0.1467854273592793,0.47340582997787994,-0.508039292625837
272.9637701511383,8464927,0.31570288071637387,0.38090813635335974,0.32700459026089335,-0.14722627406389402,0.47424744683835224,-0.5070774450533914
273.07670187950134,8464924,0.3152219569095642,0.38178983007784884,0.32756566804396264,-0.1482682753657867,0.472884829064865,-0.5071175220355554
273.1824927330017,8464916,0.31630403547529523,0.38247113886572703,0.32588243469597405,-0.14854881417785334,0.47352606095787275,-0.5070373680712293
273.28638672828674,8464911,0.31413987834530505,0.3809882903282667,0.3278061299511169,-0.14814804444633203,0.47364629193789043,-0.5063560593747569
273.39761447906494,8464911,0.3155425727807383,0.38191006104036657,0.32700459026089335,-0.150312200996744,0.4730451370380506,-0.5055144427504398
273.50772070884705,8464910,0.3149013410385193,0.38158944514036586,0.3276858989975304,-0.14910989180201073,0.4738466769046419,-0.5058751355893332
273.61932706832886,8464910,0.3147410331030453,0.380948213340812,0.32700459026089335,-0.1465850424935516,0.4738466769046419,-0.5066766752318538
273.7310326099396,8464907,0.3155024957968345,0.3826314468159141,0.32684428232294827,-0.14927019969463307,0.47364629193789043,-0.5061155974820118
273.8432331085205,8464905,0.3153822648451351,0.3830322166915453,0.3273652831213912,-0.14842858325839522,0.4729249060581573,-0.50643621333902
273.95448780059814,8464906,0.31518187992567653,0.38010659660480206,0.32664389740056354,-0.14646481157411678,0.47376652291793303,-0.5068770601425995
274.06626987457275,8464906,0.3159032656359637,0.3814291371904215,0.3264034354937703,-0.14935035364094526,0.47364629193789043,-0.5067969061782956
274.1788170337677,8464900,0.3156227267485521,0.38182990706535236,0.3266839743850363,-0.14870912207046644,0.4724439821388322,-0.5081595235724679
274.284884929657,8464895,0.3153822648451351,0.3819501380278771,0.32688435930743137,-0.1482682753657867,0.4761711425240175,-0.5072377529820582
274.39117431640625,8464889,0.31686511325069944,0.38299213970397167,0.32608281961816193,-0.147907582607427,0.4733657529845545,-0.5069171371247542
274.49823451042175,8464884,0.31566280373246197,0.38046728949153785,0.32596258866484296,-0.14794765958057743,0.4732054450112804,-0.5066766752318538
274.60594058036804,8464879,0.31566280373246197,0.38235090790311127,0.3273252061368831,-0.1478274286611266,0.4707607484243211,-0.5084801394302316
274.7123019695282,8464874,0.31518187992567653,0.3811485982781086,0.32588243469597405,-0.14798773655372804,0.473285598997912,-0.507919061679223
274.8212456703186,8464872,0.3153822648451351,0.3811085212906446,0.3257622037426861,-0.14842858325839522,0.4747684477525895,-0.5050735959475506
274.93271589279175,8464869,0.3155425727807383,0.3812287522530435,0.3259225116804075,-0.1478274286611266,0.47424744683835224,-0.5061957514462528
275.04450702667236,8464870,0.31413987834530505,0.38066767442869476,0.3284874386884605,-0.14710604314445178,0.4716424422741732,-0.5073579839285778
275.15631222724915,8464868,0.31574295770028776,0.37950544179399404,0.3263232815248558,-0.14686558130557148,0.47416729285158804,-0.5073579839285778
275.26787996292114,8464864,0.3143001862806581,0.38090813635335974,0.32664389740056354,-0.1499114312651493,0.4724840591320942,-0.5071575990177211
275.37995886802673,8464862,0.314620802151461,0.38191006104036657,0.3262030505714995,-0.14902973785570053,0.4728046750782887,-0.5063560593747569
275.4904704093933,8464862,0.3149414180223929,0.38235090790311127,0.327124821214374,-0.14762704379537844,0.4724840591320942,-0.5063159823926281
275.601350069046,8464863,0.3144604942160434,0.3814291371904215,0.3266038204160928,-0.14878927601677397,0.4726443671051693,-0.5062759054105012
275.7127163410187,8464860,0.31546241881293263,0.3794252878192591,0.32604274263372024,-0.14622434973525134,0.4745680627855197,-0.5073179069464028
275.8246088027954,8464855,0.31518187992567653,0.38259136982836384,0.3270446672453848,-0.14822819839263499,0.4748886787328645,-0.5071976759998887
275.93626832962036,8464853,0.3163441124592395,0.3821905999529896,0.325321356914123,-0.14935035364094526,0.47416729285158804,-0.5066766752318538
276.0487184524536,8464851,0.3147410331030453,0.3813890602029412,0.3259225116804075,-0.1480278135268788,0.47416729285158804,-0.507878984697022
276.15954852104187,8464852,0.3155024957968345,0.38002644262999746,0.3266038204160928,-0.1466651964398422,0.4738065999112861,-0.5075182918572965
276.2713701725006,8464849,0.314620802151461,0.38166959911535203,0.3260026656492806,-0.1478274286611266,0.4744077548119139,-0.5065163673032905
276.3857853412628,8464846,0.31594334261988777,0.3823108309155774,0.3262030505714995,-0.14914996877516604,0.47260429011189636,-0.5058751355893332
276.4905376434326,8464842,0.31514180294179084,0.38042721250411343,0.32652366644715763,-0.14794765958057743,0.47472837075917,-0.5069171371247542
276.6032524108887,8464843,0.3149013410385193,0.3794252878192591,0.3259225116804075,-0.14662511946669682,0.47368636893123517,-0.507478214875114
276.70443987846375,8464843,0.3136990315232502,0.3809882903282667,0.3264435124782306,-0.14806789050002972,0.4740470618714625,-0.5067969061782956
276.812224149704,8464843,0.31401964739381133,0.38158944514036586,0.327124821214374,-0.14846866023154778,0.4738466769046419,-0.5059552895535521
276.93190240859985,8464842,0.3159032656359637,0.38299213970397167,0.3271648981988716,-0.14822819839263499,0.47148213430137365,-0.5083599084835563
277.04494047164917,8464842,0.3166647283308666,0.38166959911535203,0.3266038204160928,-0.14778735168797666,0.47340582997787994,-0.5067568291961465
277.1642849445343,8464841,0.3153021108773456,0.38182990706535236,0.327124821214374,-0.14894958390939103,0.47376652291793303,-0.5061556744641313
277.2698619365692,8464841,0.3164643434110845,0.38070775141613306,0.3257622037426861,-0.14698581222501092,0.4738065999112861,-0.5064762903211544
277.38771891593933,8464839,0.3155826497646442,0.38182990706535236,0.3276057450284831,-0.14774727471482688,0.47368636893123517,-0.5081996005546818
277.4958539009094,8464839,0.3158231116681217,0.38227075392804577,0.3256419727894168,-0.14927019969463307,0.4749688327197284,-0.5062759054105012
277.61481380462646,8464837,0.3152620338934539,0.38158944514036586,0.32608281961816193,-0.1498312773188324,0.47432760082512754,-0.5057148276609176
277.71163749694824,8464837,0.3138593394585147,0.37994628865520214,0.327124821214374,-0.1469457352518643,0.47236382815231676,-0.5065564442854287
277.81308460235596,8464840,0.31566280373246197,0.38335283259221864,0.3262030505714995,-0.14886942996308217,0.47352606095787275,-0.5071976759998887
277.9226336479187,8464842,0.3158231116681217,0.3827116007910216,0.32676412835398816,-0.14999158521146685,0.47256421311862623,-0.5065163673032905
278.03871750831604,8464839,0.3153822648451351,0.38162952212785783,0.32556181882058094,-0.14870912207046644,0.47352606095787275,-0.5081194465902558
278.15533685684204,8464835,0.31546241881293263,0.38255129284081596,0.32588243469597405,-0.14822819839263499,0.47412721585821005,-0.5068770601425995
278.2568163871765,8464834,0.3141799553291403,0.38166959911535203,0.32664389740056354,-0.1470258891981577,0.47464821677233937,-0.5076385228038549
278.3625285625458,8464835,0.3156227267485521,0.3802268275670264,0.3266038204160928,-0.1469056582787178,0.4733256759912318,-0.5079591386614257
278.4720673561096,8464836,0.31546241881293263,0.3819501380278771,0.3257622037426861,-0.14886942996308217,0.4746081397789282,-0.5065564442854287
278.5797441005707,8464835,0.3143402632645014,0.38090813635335974,0.3275255910594442,-0.14762704379537844,0.4724840591320942,-0.5070373680712293
278.6911871433258,8464838,0.3147410331030453,0.38191006104036657,0.32812674582743906,-0.14842858325839522,0.47256421311862623,-0.5071175220355554
278.8054540157318,8464837,0.3159834196038138,0.37998636564259863,0.3259225116804075,-0.14866904509731294,0.47352606095787275,-0.506075520499894
278.92078042030334,8464835,0.3172258061065261,0.38295206271640037,0.3267240513695112,-0.14822819839263499,0.4723237511590631,-0.5075182918572965
279.02809143066406,8464834,0.3159032656359637,0.38158944514036586,0.326363358509312,-0.14842858325839522,0.4722435971725641,-0.5063961363568875
279.13865208625793,8464835,0.3159032656359637,0.38178983007784884,0.32652366644715763,-0.14858889115100637,0.4722035201793187,-0.507878984697022
279.2430818080902,8464833,0.31534218786123935,0.38207036899042285,0.32676412835398816,-0.14927019969463307,0.47308521403135395,-0.5075984458216669
279.3551187515259,8464831,0.3161036505556042,0.37994628865520214,0.32664389740056354,-0.14846866023154778,0.4728046750782887,-0.5068369831604467
279.4653911590576,8464828,0.31630403547529523,0.3821905999529896,0.32684428232294827,-0.1483885062852429,0.4718428272402346,-0.5072778299642295
279.5735807418823,8464828,0.3163841894431858,0.38227075392804577,0.32572212675826095,-0.14862896812415957,0.473285598997912,-0.507478214875114
279.67870688438416,8464828,0.31514180294179084,0.38215052296546503,0.32740536010590127,-0.1482682753657867,0.4738065999112861,-0.5071575990177211
279.7927761077881,8464824,0.314620802151461,0.3813890602029412,0.32676412835398816,-0.14778735168797666,0.47296498305145235,-0.5071175220355554
279.9121160507202,8464824,0.31458072516760355,0.3815493681528763,0.3259225116804075,-0.14746673590278275,0.4748886787328645,-0.506997291089069
280.01673102378845,8464826,0.3158631886520417,0.38207036899042285,0.32472020214830344,-0.147907582607427,0.4740470618714625,-0.5070774450533914
280.130464553833,8464827,0.3158231116681217,0.380587520453825,0.3263232815248558,-0.14770719774167723,0.4738065999112861,-0.5073179069464028
280.24041080474854,8464826,0.31570288071637387,0.3818699840528583,0.3273252061368831,-0.14854881417785334,0.47364629193789043,-0.5070774450533914
280.3477900028229,8464825,0.3150616489740256,0.38166959911535203,0.32812674582743906,-0.14874919904362013,0.4729249060581573,-0.506997291089069
280.46022367477417,8464826,0.3156227267485521,0.38215052296546503,0.3284874386884605,-0.14762704379537844,0.4721233661928363,-0.506997291089069
280.56989645957947,8464828,0.31518187992567653,0.379705826730872,0.3262832045404016,-0.14750681287593143,0.47396690788472595,-0.5065163673032905
280.67271089553833,8464828,0.31594334261988777,0.38070775141613306,0.32688435930743137,-0.14750681287593143,0.4747684477525895,-0.5073980609107547
280.78547620773315,8464828,0.3144204172321941,0.3806275974412587,0.326363358509312,-0.14822819839263499,0.47376652291793303,-0.5053942118041751
280.8957724571228,8464833,0.3147009561191818,0.38191006104036657,0.3273252061368831,-0.14818812141948343,0.4744077548119139,-0.5065564442854287
281.00584650039673,8464834,0.314620802151461,0.37990621166780797,0.3257622037426861,-0.14850873720470048,0.4740871388648349,-0.5063560593747569
281.112587928772,8464834,0.3159032656359637,0.3809882903282667,0.32688435930743137,-0.14710604314445178,0.47268444409844507,-0.507878984697022
281.2225646972656,8464835,0.3150616489740256,0.3818699840528583,0.32648358946269307,-0.14774727471482688,0.4730050600447501,-0.5089610632171002
281.33187556266785,8464837,0.3160234965877419,0.38010659660480206,0.32588243469597405,-0.1470258891981577,0.4738466769046419,-0.5075182918572965
281.44618701934814,8464837,0.3163441124592395,0.3812287522530435,0.3266038204160928,-0.1470258891981577,0.4732455220045948,-0.5077587537504301
281.5625870227814,8464836,0.3161036505556042,0.38259136982836384,0.32676412835398816,-0.1492301227214772,0.47388675389800045,-0.5066766752318538
281.67369651794434,8464832,0.3160234965877419,0.38102836731572365,0.32572212675826095,-0.1493102766677891,0.4733657529845545,-0.5055144427504398
281.7784433364868,8464837,0.3145005711998948,0.3797859807056394,0.3266839743850363,-0.1465449655204065,0.47388675389800045,-0.5070373680712293
281.89019322395325,8464835,0.3149414180223929,0.3803871355166914,0.3264034354937703,-0.14778735168797666,0.4740470618714625,-0.507478214875114
282.00267601013184,8464831,0.31546241881293263,0.38082798237846205,0.32688435930743137,-0.1475869668222293,0.47400698487809284,-0.5065965212675685
282.11270928382874,8464828,0.3159834196038138,0.38118867526557487,0.32740536010590127,-0.14714612011759903,0.4729249060581573,-0.5076785997860448
282.22241139411926,8464828,0.3166647283308666,0.38166959911535203,0.32572212675826095,-0.14734650498333768,0.473285598997912,-0.5061957514462528
282.3336899280548,8464827,0.31566280373246197,0.3803871355166914,0.32572212675826095,-0.14846866023154778,0.47308521403135395,-0.5066766752318538
282.443564414978,8464824,0.31486126405464776,0.38162952212785783,0.3257622037426861,-0.1492301227214772,0.4723237511590631,-0.506075520499894
282.5669469833374,8464821,0.31594334261988777,0.3815493681528763,0.3252011259609219,-0.1483885062852429,0.4720432122063649,-0.5066766752318538
282.67231249809265,8464820,0.31618380452347455,0.38307229367912127,0.3266038204160928,-0.1475869668222293,0.47400698487809284,-0.5087606783058723
282.7836675643921,8464816,0.31546241881293263,0.38299213970397167,0.3274855140749278,-0.14979120034567422,0.47340582997787994,-0.506075520499894
282.8974697589874,8464811,0.3158631886520417,0.38006651961739857,0.3262431275559496,-0.14650488854726154,0.4727245210917236,-0.5077587537504301
283.001366853714,8464808,0.31574295770028776,0.38178983007784884,0.3264034354937703,-0.14882935298992797,0.47392683089136184,-0.5067568291961465
283.11739444732666,8464808,0.3160234965877419,0.381509291165389,0.325321356914123,-0.14906981482885556,0.4726443671051693,-0.5075583688394808
283.2287938594818,8464804,0.3154223418290329,0.38166959911535203,0.32656374343162414,-0.14834842931209063,0.4729249060581573,-0.508039292625837
283.3297860622406,8464799,0.3143803402483467,0.3809882903282667,0.3274454370904135,-0.14730642801018962,0.47348598396453906,-0.5072778299642295
283.44451999664307,8464795,0.31630403547529523,0.3827116007910216,0.32652366644715763,-0.14850873720470048,0.4729249060581573,-0.5075583688394808
283.55456352233887,8464796,0.31341849263661475,0.38130890622798763,0.32676412835398816,-0.147907582607427,0.4744077548119139,-0.5063560593747569
283.6679222583771,8464798,0.31518187992567653,0.38086805936590973,0.32604274263372024,-0.1498312773188324,0.4722836741658122,-0.5052739808579271
283.7780020236969,8464794,0.3149013410385193,0.3828719087412648,0.327886283920185,-0.1480278135268788,0.47308521403135395,-0.5068770601425995
283.8822271823883,8464793,0.315021571990146,0.38178983007784884,0.3270847442298783,-0.14959081547988579,0.47296498305145235,-0.5060354435177783
283.99014115333557,8464796,0.3147410331030453,0.38295206271640037,0.3276458220130058,-0.1483885062852429,0.47424744683835224,-0.5073579839285778
284.10763001441956,8464797,0.31618380452347455,0.3826314468159141,0.32588243469597405,-0.15075304770151798,0.47340582997787994,-0.5078389077148228
284.21271681785583,8464796,0.31510172595790725,0.3803470585292717,0.3278061299511169,-0.14718619709074646,0.47452798579211414,-0.5066766752318538
284.3248383998871,8464796,0.31510172595790725,0.381509291165389,0.3262431275559496,-0.14914996877516604,0.4736062149445484,-0.5068369831604467
284.43502926826477,8464796,0.31337841565281777,0.3815493681528763,0.32652366644715763,-0.14886942996308217,0.4753696026542141,-0.5057148276609176
284.53663325309753,8464795,0.31570288071637387,0.38207036899042285,0.32688435930743137,-0.14886942996308217,0.47296498305145235,-0.5063560593747569
284.65419459342957,8464792,0.3142601092968168,0.38199021501539004,0.32608281961816193,-0.1492301227214772,0.47492875572629506,-0.505634673696721
284.75645446777344,8464792,0.31614372753953834,0.3815493681528763,0.32656374343162414,-0.14742665892963425,0.4732455220045948,-0.5073579839285778
284.866712808609,8464793,0.3142601092968168,0.3802669045544392,0.3273652831213912,-0.14734650498333768,0.4738466769046419,-0.5073980609107547
284.9767575263977,8464792,0.31566280373246197,0.38178983007784884,0.32664389740056354,-0.14834842931209063,0.4734459069712081,-0.5083599084835563
